week,topic_1,topic_2,topic_3,topic_4,topic_5,topic_6
25.12.8-25.12.14,圣诞帽,圣诞蛋糕,玉米皮爆改鲜花,发之食谱洗发水,stanley杯子为什么这么火,高跟鞋穿搭冬季
25.12.15-25.12.21,冬季穿搭,手机壳,蛋糕,帽子,大疆pocket3,花束
25.12.22-25.12.28,冬季穿搭,手机壳,蛋糕,穿戴甲,lv包包,大疆pocket3
25.12.29-26.1.4,冬季穿搭,手机壳,蛋糕,穿戴甲,lv包包,大疆pocket3
26.1.5-26.1.11,冬季穿搭,手机壳,蛋糕,穿戴甲,lv包包,花束
26.1.12-26.1.18,冬季穿搭,手机壳,蛋糕,穿戴甲,lv包包,大疆pocket3
26.1.19-26.1.25,穿搭,手机壳,蛋糕,穿戴甲,lv包包,花束
26.1.26-26.2.1,穿搭,手机壳,穿戴甲,蛋糕,lv包包,染发发色推荐
26.2.2-26.2.8,穿搭,穿戴甲,手机壳,蛋糕,染发发色推荐,lv包包
26.2.9-26.2.15,过年买什么年货,家居收纳,穿搭风格,儿童小短指甲,新音卡包,染发颜色推荐2026
26.2.16-26.2.22,情人节喝什么奶茶,穿搭,穿戴甲,手机壳,蛋糕,染发发色推荐
26.2.3-26.3.1,情人节喝什么奶茶,穿搭,穿戴甲,手机壳,生日蛋糕,染发发色推荐
26.3.2-26.3.8,海蓝之谜奇迹眼霜,毛戈平妆前粉衣,三星s26,薇诺娜防晒,龙骧energy,小个子穿搭春天
26.3.23-26.3.29,春季穿搭,手机壳,生日蛋糕,花束,外套,洗发水推荐
26.3.30-26.4.5,穿搭,手机壳,蛋糕,花束,穿戴甲,防晒霜推荐
