search_rank,search_title,search_href,search_cover_href,search_author,search_time,search_like_count,note_url,note_page_title,note_title,note_desc,note_tags,note_author,note_publish_text,note_like_count,note_collect_count,note_comment_count,top_comments
1,🐱猫饼杯垫‖附拼豆图纸,https://www.xiaohongshu.com/search_result/69c35b9e000000002202b0b1?xsec_token=ABORrKpuKbT3Wf7VYd_mZpoW_JIsV_pzvs0_hc5-s9-YE=&xsec_source=,https://www.xiaohongshu.com/search_result/69c35b9e000000002202b0b1?xsec_token=ABORrKpuKbT3Wf7VYd_mZpoW_JIsV_pzvs0_hc5-s9-YE=&xsec_source=,晚炀,03-25,15.2万,https://www.xiaohongshu.com/explore/69c35b9e000000002202b0b1?xsec_token=ABORrKpuKbT3Wf7VYd_mZpoW_JIsV_pzvs0_hc5-s9-YE=&xsec_source=pc_search&source=web_explore_feed,🐱猫饼杯垫‖附拼豆图纸 - 小红书,🐱猫饼杯垫‖附拼豆图纸,人，累的时候可以放下杯杯☕，和喵一起“咪”一会儿~ #拼豆 #我染上了拼豆 #拼豆图纸 #杯垫 #猫 #像素画 #像素风 #猫咪 #猫猫 #实用好物 @手工薯,#拼豆 | #我染上了拼豆 | #拼豆图纸 | #杯垫 | #猫 | #像素画 | #像素风 | #猫咪 | #猫猫 | #实用好物,晚炀 关注,🐱猫饼杯垫‖附拼豆图纸 人，累的时候可以放下杯杯☕，和喵一起“咪”一会儿~ #拼豆 #我染上了拼豆 #拼豆图纸 #杯垫 #猫 #像素画 #像素风 #猫咪 #猫猫 #实用好物 @手工薯 编辑于 03-25 湖南 共 3206 条评论 晚炀 作者 🐶贝狗杯垫🥯｜附拼豆图纸 贝果❓贝狗✅ 上一期猫饼杯... http://xhslink.com/o/4HhWRyPb68z 复制后打开【小红书】查看笔记！ 置顶评论 04-01湖南 24 6 晚炀 作者 狗饼杯垫也来啦 04-01湖南 17 回复 展开 5 条回复 欧本（沉迷男色版） 谢谢老师分享的图纸~因为其中一个色号用完了，我就用相近色号的颜色补上，真的太可爱了~ 44分钟前广东 赞 1 欧本（沉迷男色版） 自家猫咪嘴边有黑点点，所以这个垫垫也修改带上这个特点希望老师不要介意 42分钟前广东 赞 回复 YyyRrr 1小时前江苏 赞 2 流里 宝贝请问这个是澡巾烫吗 1小时前江苏 赞 回复 展开 1 条回复 AMY的小画园 交作业 昨天 23:16重庆 赞 回复 无 热乎的梨花！换了颜色感觉更符合我家咪咪 03-25安徽 988 121 无 补一个烫后图 03-25安徽 1041 回复 展开 120 条回复 小苹果Appleeeee 昨天 22:48云南 赞 回复 快乐玩家 其实我有点好奇，这个拼豆又不吸水，可以做杯垫吗 03-25山西 128 20 momo 杯垫不是防烫吗 03-25广东 678 回复 展开 19 条回复 momo 根据自己家咪改了色 昨天 21:33湖南 赞 回复 momo 朋友加装了10mm的木垫，让杯垫精致了好多 04-07上海 53 19 三月 wa好棒 04-07四川 3 回复 展开 18 条回复 Jaaaat 昨天 21:29江苏 赞 回复,100000,100000,3206,🐶贝狗杯垫🥯｜附拼豆图纸 贝果❓贝狗✅ 上一期猫饼杯... http://xhslink.com/o/4HhWRyPb68z 复制后打开【小红书】查看笔记！ || 狗饼杯垫也来啦 || 谢谢老师分享的图纸~因为其中一个色号用完了，我就用相近色号的颜色补上，真的太可爱了~ || 自家猫咪嘴边有黑点点，所以这个垫垫也修改带上这个特点希望老师不要介意 || 宝贝请问这个是澡巾烫吗
2,新手拼豆教程,https://www.xiaohongshu.com/search_result/6911d9a000000000040104e5?xsec_token=ABpwhjNqn2zZvuMNGtMxCYe6_JFAog3SXPh6gxwDYUEoQ=&xsec_source=,https://www.xiaohongshu.com/search_result/6911d9a000000000040104e5?xsec_token=ABpwhjNqn2zZvuMNGtMxCYe6_JFAog3SXPh6gxwDYUEoQ=&xsec_source=,迷人的大门牙,2025-11-10,9.9万,https://www.xiaohongshu.com/explore/6911d9a000000000040104e5?xsec_token=ABpwhjNqn2zZvuMNGtMxCYe6_JFAog3SXPh6gxwDYUEoQ=&xsec_source=pc_search&source=web_explore_feed,新手拼豆教程 - 小红书,新手拼豆教程,有什么问题可以评论区问我哦 #我染上了拼豆 #拼豆 #拼豆图纸 #要拼就拼融合豆,#我染上了拼豆 | #拼豆 | #拼豆图纸 | #要拼就拼融合豆,迷人的大门牙 关注,新手拼豆教程 有什么问题可以评论区问我哦 #我染上了拼豆 #拼豆 #拼豆图纸 #要拼就拼融合豆 猜你想搜 新手第一次去拼豆店怎么玩 2025-11-10 共 1293 条评论 迷人的大门牙 作者 宝宝们材料在主页 置顶评论 01-07广东 195 50 迷人的大门牙 作者 过两天出一个不用美纹纸的极简教程！大家可以蹲一下 01-09广东 256 回复 展开 49 条回复 哎me的欣 我想问问我这是咋了 2025-11-29山东 11 2 迷人的大门牙 作者 熨斗上涂层掉色了 2025-11-29河南 12 回复 展开 1 条回复 拾二呃呃呃 我有个问题，就是真的可以看着图纸就可以拼出来吗？我感觉我一个豆子都要找好久放在哪个地方 02-05福建 17 3 棉裤豆子 我也是最好一块一块的拼 02-05江苏 1 回复 展开 2 条回复 🍓权糕. 鹅鹅鹅[抽泣R]别喷，谢谢啦！第1张是我刚刚完工的～剩下的都是我以前做的，还有一个小女孩是同学送的呀（一个新手，上学所以很少时间拼，半个月前入坑 01-05宁夏 11 3 🍓权糕. 怎么样[抽泣R] 01-06宁夏 1 回复 展开 2 条回复 雾🥕. 感谢老师，让我烫出了半有孔，烫的时候真的很紧张 2025-12-04山西 9 3 迷人的大门牙 作者 多试试！会越烫越好的 2025-12-04河南 7 回复 展开 2 条回复 对象 有拼豆高手帮我看看这是咋搞的烫了很久也还是有小孔 2025-12-10湖北 13 3 迷人的大门牙 作者 揭下来看有孔可以把布盖回去重点熨一下有孔的地方 2025-12-10河南 9 回复 展开 2 条回复 小小脑袋没u烦恼 图纸一定要反转吗不凡转会怎么样求告知 2025-12-19山西 8 1 迷人的大门牙 作者 如果直接在板子上烫的话，一方面板子可能会高温变形，另一方面容易豆子容易散开，如果用美纹纸豆子就不容易散，但是用了美纹纸揭下来再烫，就相当于把图镜像翻了个面，所以为了烫出来的成品是正的，就提前把图纸镜像。如果图本来就是对称的就不用翻转 2025-12-21广东 35 回复 叶念 没有烘焙，能用硅油纸代替吗？ 01-23天津 7 3 叶念 没有烘焙布 01-23天津 赞 回复 展开 2 条回复 第五个季节 万一我做歪了怎么办呢？就是如何保证和图纸一模一样 02-19广东 1 3 迷人的大门牙 作者 对着图纸仔细看，比较费眼 02-22广东 1 回复 展开 2 条回复 笑对人生已退出群聊💭 这两个是店里烫的是不是算是毁了[呃R] 2025-11-16广东 1 4 迷人的大门牙 作者 可能是豆子质量不太好 2025-11-22河南 3 回复 展开 3 条回复,99000,54000,1293,宝宝们材料在主页 || 过两天出一个不用美纹纸的极简教程！大家可以蹲一下 || 我想问问我这是咋了 || 熨斗上涂层掉色了 || 我有个问题，就是真的可以看着图纸就可以拼出来吗？我感觉我一个豆子都要找好久放在哪个地方
3,好崩溃,https://www.xiaohongshu.com/search_result/69807a5a00000000220229e1?xsec_token=AB5SXCecwPZeeqPFgCW2SfNXtmk6LfCBA9Buu7cZKK0bA=&xsec_source=,https://www.xiaohongshu.com/search_result/69807a5a00000000220229e1?xsec_token=AB5SXCecwPZeeqPFgCW2SfNXtmk6LfCBA9Buu7cZKK0bA=&xsec_source=,沙姜雨,02-02,1918,https://www.xiaohongshu.com/explore/69807a5a00000000220229e1?xsec_token=AB5SXCecwPZeeqPFgCW2SfNXtmk6LfCBA9Buu7cZKK0bA=&xsec_source=pc_search&source=web_explore_feed,好崩溃 - 小红书,好崩溃,拼豆拼了一半被猫打翻了，107的大图，本来好不容易要拼完了，现在我好崩溃，我一直在哭#谁懂我的痛 #轻轻地碎了,#谁懂我的痛 | #轻轻地碎了,沙姜雨 关注,好崩溃 拼豆拼了一半被猫打翻了，107的大图，本来好不容易要拼完了，现在我好崩溃，我一直在哭#谁懂我的痛 #轻轻地碎了 02-02 共 178 条评论 坏坏 人，你在桌前弄这些豆子好久了，咪不懂，咪好无聊，快来陪咪玩 02-25广东 2108 25 沙姜雨 作者 咪 家里有三只咪 去找你朋友玩 不要打扰人的工作 02-26重庆 1527 回复 展开 24 条回复 失月 给你看看我的会开心一点吗，七个小时 03-07广东 458 17 沙姜雨 作者 宝宝 痛苦不比较呢 我们都很惨了 你这个颜色太接近了 好难分 03-08广东 662 回复 展开 16 条回复 绿色毛发的不止有鹦鹉 要不你就这样将错就错烫了吧 03-12北京 377 7 绿色毛发的不止有鹦鹉 其实挺好看的，挺有意境的 03-12北京 307 回复 展开 6 条回复 沙姜雨 作者 本来都拼了一半了 02-02广东 265 13 哈哈 别哭了宝宝 继续啊啊啊啊啊啊！！！！重新拼 02-03广东 193 回复 展开 12 条回复 薄荷 很难受 03-23江苏 27 3 咩咩大虾 猪猪像消散了一样[完啦R] 03-24安徽 86 回复 展开 2 条回复 睡个好觉 拼豆这个东西不能拼一半烫一半吗？ 03-16江苏 1 2 深海里的一粒米 不能 03-29广东 5 回复 展开 1 条回复 戏弄 哪个家人能救救命，大板拼完然后美纹纸黏上后才反应过来没有镜像，怎么抢救重点是我第二块板还是没有镜像码的服了 03-05安徽 45 6 打完架只歪了齐刘海 毛巾烫再次转印，就不用镜像，或者上下各再铺一层烘焙纸，等微微定型后撕下美纹纸，再烫你想要的那一面，我每次就这么干的 03-05重庆 45 回复 展开 5 条回复 依依 一样的 02-17四川 6 5 沙姜雨 作者 抱抱宝宝 这个慢慢加回去还能接受 02-18重庆 17 回复 展开 4 条回复 达咩兔 03-23山西 16 3 我要变瘦了(减肥中） 还好只有黑色 03-24吉林 14 回复 展开 2 条回复 作猫的me 《怎么才能让猫知道错误》 02-25河北 55 3 沙姜雨 作者 有道理 我马上回去搜了 02-25重庆 4 回复 展开 2 条回复,1918,99,178,人，你在桌前弄这些豆子好久了，咪不懂，咪好无聊，快来陪咪玩 || 咪 家里有三只咪 去找你朋友玩 不要打扰人的工作 || 给你看看我的会开心一点吗，七个小时 || 宝宝 痛苦不比较呢 我们都很惨了 你这个颜色太接近了 好难分 || 要不你就这样将错就错烫了吧
6,分享下我爸的拼豆作品。。,https://www.xiaohongshu.com/search_result/69a585ad000000002202cbde?xsec_token=AB_V4ShceppnDQCjbaJFmnvYWJbMe_WIkQ7qGCLiNaL98=&xsec_source=,https://www.xiaohongshu.com/search_result/69a585ad000000002202cbde?xsec_token=AB_V4ShceppnDQCjbaJFmnvYWJbMe_WIkQ7qGCLiNaL98=&xsec_source=,艺名赵夯,03-02,3.9万,https://www.xiaohongshu.com/explore/69a585ad000000002202cbde?xsec_token=AB_V4ShceppnDQCjbaJFmnvYWJbMe_WIkQ7qGCLiNaL98=&xsec_source=pc_search&source=web_explore_feed,分享下我爸的拼豆作品。。 - 小红书,分享下我爸的拼豆作品。。,春节期间回爸妈家住了好多天 一抬眼惊现大型拼豆作品家和万事兴 乍一看像十字绣 细看真的是一个一个豆拼起来的 老一辈有的时候也真的很可爱了 不过这玩意儿到底是啥呀！！！ #拼豆 #老一辈有自己的拼豆 #拼豆图纸#拼豆豆 #拼豆日常 #拼豆打卡 #拼豆日记 #拼豆成品,#拼豆 | #老一辈有自己的拼豆 | #拼豆图纸 | #拼豆豆 | #拼豆日常 | #拼豆打卡 | #拼豆日记 | #拼豆成品,艺名赵夯 关注,分享下我爸的拼豆作品。。 春节期间回爸妈家住了好多天 一抬眼惊现大型拼豆作品家和万事兴 乍一看像十字绣 细看真的是一个一个豆拼起来的 老一辈有的时候也真的很可爱了 不过这玩意儿到底是啥呀！！！ #拼豆 #老一辈有自己的拼豆 #拼豆图纸#拼豆豆 #拼豆日常 #拼豆打卡 #拼豆日记 #拼豆成品 03-02 共 1709 条评论 艺名赵夯 作者 给大家看看图二的我的妞妞妞妞谢谢大家的喜欢 置顶评论 03-04浙江 2420 65 越泽📷 好猫！！ 03-04福建 594 回复 展开 64 条回复 你酸奶跟葱 拼豆老祖宗 我今天也在玩 很解压哈哈哈哈 03-03河北 6 1 艺名赵夯 作者 真的是拼豆老祖宗 03-03浙江 赞 回复 溪坝亚 钻石画也很好玩！ 03-03山西 5 1 椒盐饼干 钻石画不用烫 其实真的挺好玩的 03-03山东 5 回复 ✨✨ 钻石画，我姥爷曾经很喜欢贴钻石画，但是眼睛不行了，就让我爸帮他贴，可是我爸也已经近视+老花，贴得痛苦得每天给我打电话诉苦…… 03-03北京 15 1 艺名赵夯 作者 好家伙，你也帮着整吧，全家上阵 03-03浙江 赞 回复 melody67888 03-03新疆 15 1 噜噜哈哈 好漂亮，特别厉害！ 03-04福建 1 回复 一切都是最好的安排。 一代人有一代人的十字绣，不过确实厉害，挺好看的 03-03河北 3 1 艺名赵夯 作者 谢谢 03-03浙江 赞 回复 momo 叔叔眼睛还好吗？ 03-03湖北 4 1 艺名赵夯 作者 笑死我了，哈哈哈哈哈哈哈哈哈 03-03浙江 赞 回复 猪乐意 我对十字绣钻石画拼豆都狂热地爱过买过 03-03浙江 1 1 艺名赵夯 作者 感觉本质都是消磨时间➕培养耐心➕成就感满满的东西 03-03浙江 1 回复 momo 。。你这是钻石画 03-04重庆 3 1 艺名赵夯 作者 是 是钻石画大家都告诉我了 03-04浙江 4 回复 瑶灵啊瑶灵 不是我故意抬杠，但这是钻石画，不是拼豆材料不一样 03-02浙江 4万 109 艺名赵夯 作者 原来是钻石画。。。。。 03-02江西 1.3万 回复 展开 108 条回复,39000,1147,1709,给大家看看图二的我的妞妞妞妞谢谢大家的喜欢 || 好猫！！ || 拼豆老祖宗 我今天也在玩 很解压哈哈哈哈 || 真的是拼豆老祖宗 || 钻石画也很好玩！
8,烫成这样有点相思,https://www.xiaohongshu.com/search_result/693d067e000000001e00d32f?xsec_token=AB2gYO86NuXkTjKeOHVHXKumNvDGGulcqwuyM97ypfk0Q=&xsec_source=,https://www.xiaohongshu.com/search_result/693d067e000000001e00d32f?xsec_token=AB2gYO86NuXkTjKeOHVHXKumNvDGGulcqwuyM97ypfk0Q=&xsec_source=,洛基亚,2025-12-14,1.4万,https://www.xiaohongshu.com/explore/693d067e000000001e00d32f?xsec_token=AB2gYO86NuXkTjKeOHVHXKumNvDGGulcqwuyM97ypfk0Q=&xsec_source=pc_search&source=web_explore_feed,烫成这样有点相思 - 小红书,烫成这样有点相思,求义诊，第一次玩拼豆，烫的时候散了点还烫的丑，参差不齐😭 #我染上了拼豆 #精神状态极差 #园丁 #拼豆,#我染上了拼豆 | #精神状态极差 | #园丁 | #拼豆,洛基亚 关注,烫成这样有点相思 求义诊，第一次玩拼豆，烫的时候散了点还烫的丑，参差不齐😭 #我染上了拼豆 #精神状态极差 #园丁 #拼豆 编辑于 2025-12-14 共 2139 条评论 洛基亚 作者 我又拼了一个，学聪明用了美纹纸，这样是不是更进步了[亲一个R] 置顶评论 2025-12-14广东 3338 82 猪猪猪蛛蛛驻 宝宝烘焙布记得包一下边！有玻璃纤维扎到手了很麻烦 2025-12-14浙江 3384 回复 展开 81 条回复 出发前往冥王星🛸 本来好好的，学人家毛巾烫…结果失败了，重新烫平后就烫成了这个样子哈哈哈哈，看一次笑一次 2025-12-18上海 1730 119 爆浆肉松小贝 啊啊啊啊，有种纸放了很长一段时间，旧旧的，闻起来还有点书有点潮湿的感觉！ 2025-12-18广东 3529 回复 展开 118 条回复 芙落哇🌸 但是莫名也挺艺术的，色块至少在它应该在的位置了 2025-12-13广西 72 1 洛基亚 作者 我不行了[亲一个R] 2025-12-14广东 6 回复 小烨 我是第一次烫 2025-12-21陕西 7 4 PEIY 嘿怪有天赋的你小妞 2025-12-21云南 2 回复 展开 3 条回复 玻色 这个是为什么呀，我第一次玩 02-03西藏 3 4 玻色 对光这样 02-03西藏 3 回复 展开 3 条回复 mmm 豆子有问题 姐妹这个图纸是自己生成的吗 能看出是园丁但是很多色块变化的有点怪 2025-12-13天津 28 5 洛基亚 作者 对的对的，有点太杂了 2025-12-14广东 2 回复 展开 4 条回复 去银行抢一点钱(接后期版) 2025-12-19贵州 6219 24 肆不似四 好骂 2025-12-26福建 1141 回复 展开 23 条回复 你笑就沉沦 这个程度应该就是豆子的问题了 2025-12-13福建 1290 35 洛基亚 作者 再也不买pdd的了） 2025-12-13广东 254 回复 展开 34 条回复 白千易Haku Sen'i 近视的宝宝去掉眼镜会发现小蛋糕哦 2025-12-17甘肃 26 3 看到了鱼的世界 摘下眼镜反而看出了它的真容！ 2025-12-17浙江 9 回复 展开 2 条回复 ijoaim 我竟然能看出来是园丁。。 01-01北京 15 2 light 看了你发的 我也能看出来了 01-01北京 3 回复 展开 1 条回复,14000,1147,2139,我又拼了一个，学聪明用了美纹纸，这样是不是更进步了[亲一个R] || 宝宝烘焙布记得包一下边！有玻璃纤维扎到手了很麻烦 || 本来好好的，学人家毛巾烫…结果失败了，重新烫平后就烫成了这个样子哈哈哈哈，看一次笑一次 || 啊啊啊啊，有种纸放了很长一段时间，旧旧的，闻起来还有点书有点潮湿的感觉！ || 但是莫名也挺艺术的，色块至少在它应该在的位置了
9,拼豆图纸🗞️时之魔女,https://www.xiaohongshu.com/search_result/68a99964000000001d038521?xsec_token=ABMuR6sGPh-cHpnuWXk05cocVAX7wBbbhHGNjnIlTZITM=&xsec_source=,https://www.xiaohongshu.com/search_result/68a99964000000001d038521?xsec_token=ABMuR6sGPh-cHpnuWXk05cocVAX7wBbbhHGNjnIlTZITM=&xsec_source=,王不留行（拼豆版）,2025-08-24,3.7万,https://www.xiaohongshu.com/explore/68a99964000000001d038521?xsec_token=ABMuR6sGPh-cHpnuWXk05cocVAX7wBbbhHGNjnIlTZITM=&xsec_source=pc_search&source=web_explore_feed,拼豆图纸🗞️时之魔女 - 小红书,拼豆图纸🗞️时之魔女,不得不感慨无双的配件还是太多了_(:з」∠)_所以拆了三个版本的图纸出来 p3-4：乔妹本体 p5-6：加上帽子和飘带 p7-8：完全体 宝宝们可以选自己想要的部分拼！拼好完全体应该是个大工程[抽泣R] 最后再次统一感谢一下大家的支持与喜爱！之前的几张图纸能得到这么多宝宝的喜欢我很荣幸🥹🫶…！！ 还有大家想要的英雄我都一一记下啦，但是因为个人精力有限，进入9月以后出图也会变慢，很抱歉没办法承诺一定会画到某个英雄[完啦R][完啦R]特别理解大家想看到喜欢的英雄的心情！有空就会努力更新的！！ 8.24添加了单独的帽子图纸和扫把图纸 p9-10：帽子，和之前主页单独发的那个帽子不太一样，主页的帽子会小一圈，这个是从完全体摘出来的 p11-12：扫把，因为扫把直接从完全体摘出来以后有点奇怪，所以稍作了修改，主要是放大了扫把尾巴 #拼豆 #拼豆图纸 #像素画 #我染上了拼豆 #王者荣耀 #小乔 #小乔无双 #时之魔女,#拼豆 | #拼豆图纸 | #像素画 | #我染上了拼豆 | #王者荣耀 | #小乔 | #小乔无双 | #时之魔女,王不留行（拼豆版） 关注,拼豆图纸🗞️时之魔女 不得不感慨无双的配件还是太多了_(:з」∠)_所以拆了三个版本的图纸出来 p3-4：乔妹本体 p5-6：加上帽子和飘带 p7-8：完全体 宝宝们可以选自己想要的部分拼！拼好完全体应该是个大工程[抽泣R] 最后再次统一感谢一下大家的支持与喜爱！之前的几张图纸能得到这么多宝宝的喜欢我很荣幸🥹🫶…！！ 还有大家想要的英雄我都一一记下啦，但是因为个人精力有限，进入9月以后出图也会变慢，很抱歉没办法承诺一定会画到某个英雄[完啦R][完啦R]特别理解大家想看到喜欢的英雄的心情！有空就会努力更新的！！ 8.24添加了单独的帽子图纸和扫把图纸 p9-10：帽子，和之前主页单独发的那个帽子不太一样，主页的帽子会小一圈，这个是从完全体摘出来的 p11-12：扫把，因为扫把直接从完全体摘出来以后有点奇怪，所以稍作了修改，主要是放大了扫把尾巴 #拼豆 #拼豆图纸 #像素画 #我染上了拼豆 #王者荣耀 #小乔 #小乔无双 #时之魔女 猜你想搜 小乔拼豆图纸52×52 编辑于 2025-08-24 共 1511 条评论 raiion 嘿嘿交作业 拼得我头晕眼花 老师的图纸还是这么权威 置顶评论 2025-08-24山东 264 49 王不留行（拼豆版） 作者 臣服了🧎🧎🧎没想过第一张返图会这么快，因为真的蛮大的这个图颜色又杂，老师你简直是神……太强了太强了，感谢老师！！ 2025-08-24河南 220 回复 展开 48 条回复 灯灯鸭鸭 老师不知道为什么全糊（😭）可以发 31分钟前浙江 赞 2 灯灯鸭鸭 可以私聊您求原图吗 31分钟前浙江 赞 回复 展开 1 条回复 小星世界落雨 老师交作业，有点不及格因为是新手加上时间不够了下次一定好好拼个完整的！ 04-04河北 2 3 11 宝宝方便问问拼了多久嘛 04-04湖北 赞 回复 展开 2 条回复 乌雨 五个小时 2025-11-12四川 1 2 王不留行（拼豆版） 作者 辛苦了！！感谢返图[抽泣R][抽泣R] 2025-11-13河南 赞 回复 展开 1 条回复 小柯小柯干啥都可 返图 02-24山东 2 4 momo 宝宝想问下你拼了多久呀 03-02四川 1 回复 展开 3 条回复 小丁. 我一个，朋友一个，刚抽了皮肤就来拼就是有点不敢烫 21分钟前广东 1 回复 Song 宝宝 蹲蹲西施的至美 2025-08-23湖南 6 3 楼下的杂货店买不到烟 同蹲 2025-08-23广西 1 回复 展开 2 条回复 丸宝 一个正面很完美的小乔宝宝！背面因为布不够大烫毁了 昨天 23:56湖北 赞 回复 kiku 来返图啦！很可爱～总有一天我会把老师出的小乔都拼完！ 2025-11-15湖北 3 2 王不留行（拼豆版） 作者 好棒！感谢老师喜欢和返图～ 2025-11-18河南 赞 回复 展开 1 条回复 巧克力不脆 烫了粗闪！好看好看 昨天 22:14辽宁 赞 回复,38000,27000,1511,嘿嘿交作业 拼得我头晕眼花 老师的图纸还是这么权威 || 臣服了🧎🧎🧎没想过第一张返图会这么快，因为真的蛮大的这个图颜色又杂，老师你简直是神……太强了太强了，感谢老师！！ || 老师不知道为什么全糊（😭）可以发 || 可以私聊您求原图吗 || 老师交作业，有点不及格因为是新手加上时间不够了下次一定好好拼个完整的！
10,拼豆图纸 | 小豆泥举对错牌,https://www.xiaohongshu.com/search_result/69d0750c000000001a02c17a?xsec_token=ABV378Fs-2vbnVR5vmFs--PO0AoWEyJIE-dtpoatOBOSQ=&xsec_source=,https://www.xiaohongshu.com/search_result/69d0750c000000001a02c17a?xsec_token=ABV378Fs-2vbnVR5vmFs--PO0AoWEyJIE-dtpoatOBOSQ=&xsec_source=,沁容心,04-04,4090,https://www.xiaohongshu.com/explore/69d0750c000000001a02c17a?xsec_token=ABV378Fs-2vbnVR5vmFs--PO0AoWEyJIE-dtpoatOBOSQ=&xsec_source=pc_search&source=web_explore_feed,拼豆图纸 | 小豆泥举对错牌 - 小红书,拼豆图纸 | 小豆泥举对错牌,喜欢就举(✔)牌牌 如果不喜欢，嗯... 还是给个(✘)牌牌吧... [棒R] 期待下方交作业返图～ 成品发笔记请艾特我标注来源～ @手工薯 #我染上了拼豆 #拼豆图纸 #拼豆 #像素图 #暹罗猫小豆泥 #小豆泥拼豆 #要拼就拼融合豆,#我染上了拼豆 | #拼豆图纸 | #拼豆 | #像素图 | #暹罗猫小豆泥 | #小豆泥拼豆 | #要拼就拼融合豆,沁容心 关注,拼豆图纸 | 小豆泥举对错牌 喜欢就举(✔)牌牌 如果不喜欢，嗯... 还是给个(✘)牌牌吧... [棒R] 期待下方交作业返图～ 成品发笔记请艾特我标注来源～ @手工薯 #我染上了拼豆 #拼豆图纸 #拼豆 #像素图 #暹罗猫小豆泥 #小豆泥拼豆 #要拼就拼融合豆 04-04 河南 共 72 条评论 x：） 太萌了！！！！！！为了方便举我简单加了个小棒棒！感谢老师的图纸太可爱了！！！我将继续奋战红色牌牌！ 昨天 12:18江苏 2 1 沁容心 作者 好耶！泥是甜菜！！ 昨天 19:15河南 赞 回复 明天见 返图！格利特把小豆泥变成渐变了 1天前北京 1 1 沁容心 作者 萌色可餐 1天前河南 赞 回复 池铭FY 返图来啦，嘿嘿嘿小豆泥可爱！ 2天前江苏 赞 2 沁容心 作者 加个白边特别亮眼 2天前河南 赞 回复 展开 1 条回复 咕咕咕咕咕 第一次玩拼豆，我将成为老师忠实的追随者 昨天 23:30浙江 赞 回复 不许熬夜 @明天要早睡 可以二选一！推荐✔️的！喜欢！ 04-10福建 1 1 明天要早睡 我给宝贝做！ 收藏！ 04-11马来西亚 赞 回复 由 返图！浴巾烫很合适！ 昨天 22:08浙江 赞 回复 H-eve 正面无孔是要哪张图啊 2天前广西 赞 1 沁容心 作者 如果要用美纹纸胶带把拼好的豆从豆板上粘下来再盖烘焙布烫的话就要选镜像图纸拼。拼好在豆板上直接盖烘焙布烫的话就选非镜像图纸。[棒R] 1天前河南 1 回复 啊对对对 交作业！ 1天前上海 1 回复 Fly Fly 这个难嘛 新手可以尝试吗 7天前湖北 赞 3 沁容心 作者 不难的，可以！ 7天前河南 赞 回复 展开 2 条回复 呱呱 返图喵 5天前浙江 1 1 沁容心 作者 4天前河南 赞 回复,4090,3722,72,太萌了！！！！！！为了方便举我简单加了个小棒棒！感谢老师的图纸太可爱了！！！我将继续奋战红色牌牌！ || 好耶！泥是甜菜！！ || 返图！格利特把小豆泥变成渐变了 || 萌色可餐 || 返图来啦，嘿嘿嘿小豆泥可爱！
11,从拼豆店出来这图心情一样,https://www.xiaohongshu.com/search_result/69abf7e0000000001a024e3a?xsec_token=AByQ3jItJLtXKgHW2g89hZ7zA8ShyMQLD1fDaJpOSIANQ=&xsec_source=,https://www.xiaohongshu.com/search_result/69abf7e0000000001a024e3a?xsec_token=AByQ3jItJLtXKgHW2g89hZ7zA8ShyMQLD1fDaJpOSIANQ=&xsec_source=,min猫总,03-07,4.3万,https://www.xiaohongshu.com/explore/69abf7e0000000001a024e3a?xsec_token=AByQ3jItJLtXKgHW2g89hZ7zA8ShyMQLD1fDaJpOSIANQ=&xsec_source=pc_search&source=web_explore_feed,从拼豆店出来这图心情一样 - 小红书,从拼豆店出来这图心情一样,一个小时，最后一刻变成了这样#拼豆图纸 #我染上了拼豆 #拼豆 #要拼就拼融合豆 #一键回到像素时代 #欢迎来到像素世界 #像素世界,#拼豆图纸 | #我染上了拼豆 | #拼豆 | #要拼就拼融合豆 | #一键回到像素时代 | #欢迎来到像素世界 | #像素世界,min猫总 关注,从拼豆店出来这图心情一样 一个小时，最后一刻变成了这样#拼豆图纸 #我染上了拼豆 #拼豆 #要拼就拼融合豆 #一键回到像素时代 #欢迎来到像素世界 #像素世界 03-07 共 4141 条评论 医学牲小砖（jlw是坏zz） 刚烫毁 03-21湖北 7733 219 魔魔胡胡卡罗特🥕🥕 很强烈的动态视感 03-21上海 1.3万 回复 展开 218 条回复 阿坎古丽 感觉还蛮好看的，有种别样的裹了面包糠的感觉 03-09浙江 1 1 阿坎古丽 评论区这个更是像裹了面包糠之后还炸过了哈哈哈哈 03-09浙江 赞 回复 若为自由故 什么都不说了 03-17安徽 3342 130 苏奕. 聪明毛真长…… 03-17北京 6633 回复 展开 129 条回复 momo 保时捷像尿一样流走了 03-09广东 1.7万 299 橘富贵 保时扌 03-09北京 2.2万 回复 展开 298 条回复 缓缓。 谁哭了我不说 03-09山东 3208 99 W. 感觉是祢豆子！ 03-09上海 5519 回复 展开 98 条回复 姜糖肉桂卷🐙 是小黑在池塘边看到的水面中的自己呀 03-08山东 2.2万 123 姜糖肉桂卷🐙 感觉可以再拼几个泡泡形状的串一起当钥匙扣 03-08山东 6512 回复 展开 122 条回复 go学长会爱上蛋仔弟吗 新手第一次烫大图 03-09浙江 3711 105 星月. 电眼美女 03-09浙江 4596 回复 展开 104 条回复 💜🖤 别哭了妹子给你看我捅的篓子。 03-09河北 4473 115 体温怪兽 这不是挺可爱的 03-09河北 3021 回复 展开 114 条回复 Dasein 🍀 看我的。确实是没招了. 03-10广东 3483 48 想把你扔深渊里 求图纸呀 03-10广东 397 回复 展开 47 条回复 Ssuedo 不想说话 03-09陕西 1765 54 精神状态良好 富婆哦，居然还做了个眼睛条 03-09湖南 5216 回复 展开 53 条回复,43000,2622,4141,刚烫毁 || 很强烈的动态视感 || 感觉还蛮好看的，有种别样的裹了面包糠的感觉 || 评论区这个更是像裹了面包糠之后还炸过了哈哈哈哈 || 什么都不说了
13,拼10万颗拼豆版《清明上河图》,https://www.xiaohongshu.com/search_result/69dfa9da0000000023005d1a?xsec_token=ABXuOQxkVx30fK5HBz8y_VBPopCB-bxj600AUOmu-KkKY=&xsec_source=,https://www.xiaohongshu.com/search_result/69dfa9da0000000023005d1a?xsec_token=ABXuOQxkVx30fK5HBz8y_VBPopCB-bxj600AUOmu-KkKY=&xsec_source=,大眼东,3天前,8万,https://www.xiaohongshu.com/explore/69dfa9da0000000023005d1a?xsec_token=ABXuOQxkVx30fK5HBz8y_VBPopCB-bxj600AUOmu-KkKY=&xsec_source=pc_search&source=web_explore_feed,拼10万颗拼豆版《清明上河图》 - 小红书,拼10万颗拼豆版《清明上河图》,真没想到能拼完，我滴妈呀～～～累蒙了#我染上了拼豆 #小红书拼豆大赛 @手工薯,#我染上了拼豆 | #小红书拼豆大赛,大眼东 关注,拼10万颗拼豆版《清明上河图》 真没想到能拼完，我滴妈呀～～～累蒙了#我染上了拼豆 #小红书拼豆大赛 @手工薯 猜你想搜 用拼豆拼出清明上河图 编辑于 3天前 浙江 共 3845 条评论 手工薯 看到评论区有薯薯提到十大名画！本薯带着小红书拼豆大赛这不就来了！【拼豆极限挑战】赛道不能更合适了！！！ 置顶评论 3天前上海 1063 83 大眼东 作者 希望有人能拼出一整款《清明上河图》 3天前浙江 729 回复 展开 82 条回复 泶泪 以前我奶奶织的 1天前广东 1591 105 世界末日 这是真的厉害 1天前上海 151 回复 展开 104 条回复 努力玩遍各类手工 干脆把十大名画都拼一下叭 3天前安徽 2025 98 徐徐tsui 你没想让他活 3天前广东 470 回复 展开 97 条回复 momo 我想看你把它烫出来 2天前江苏 1236 21 矮脚小猫我爱你 要是烫坏了不就炸了吗？ 2天前浙江 181 回复 展开 20 条回复 来一勺蓝莓小蛋糕🔔 @糕糕. @郁柠. @懒鸢醉 来看 昨天 13:53山东 2 3 郁柠. 我的妈呀，你也给我拼吧 昨天 15:25山东 赞 回复 展开 2 条回复 木兰 可以拼这个吗？其中一个都可以！ 2天前四川 164 28 🐟彧旻* 你也没放过他 2天前四川 63 回复 展开 27 条回复 ^初🍀夏 还没破万，快点留个句号 3天前广东 167 123 小蓝困宝 3天前辽宁 赞 回复 展开 122 条回复 呼啦啦爱栗子 @Tonia_ 又一个考研的 2天前江苏 赞 1 Tonia_ 太卷了 1天前上海 赞 回复 隔壁隔壁家的孩子 我拼3小时脖子就很难受了 不敢想博主的颈椎还好吗 1小时前广东 赞 回复 唯爱逍 假如，不小心在最后拼完的时候碰了一下，怎么办？ 3天前江苏 558 23 像白天(小叶子) 会死 3天前河南 310 回复 展开 22 条回复,81000,27000,3845,看到评论区有薯薯提到十大名画！本薯带着小红书拼豆大赛这不就来了！【拼豆极限挑战】赛道不能更合适了！！！ || 希望有人能拼出一整款《清明上河图》 || 以前我奶奶织的 || 这是真的厉害 || 干脆把十大名画都拼一下叭
14,潮汐 MANTA拼豆图纸,https://www.xiaohongshu.com/search_result/69b8989500000000210102b7?xsec_token=ABHMaXpz9xzDnN8ts21XNM7R67yOz2mgaBBLndKeKK73A=&xsec_source=,https://www.xiaohongshu.com/search_result/69b8989500000000210102b7?xsec_token=ABHMaXpz9xzDnN8ts21XNM7R67yOz2mgaBBLndKeKK73A=&xsec_source=,南旻,04-06,2257,https://www.xiaohongshu.com/explore/69b8989500000000210102b7?xsec_token=ABHMaXpz9xzDnN8ts21XNM7R67yOz2mgaBBLndKeKK73A=&xsec_source=pc_search&source=web_explore_feed,潮汐 MANTA拼豆图纸 - 小红书,潮汐 MANTA拼豆图纸,把全员手搓出来了 欢迎大家返图，发作品也可以@我 #MANTA #潮汐 #我染上了拼豆 #拼豆图纸 #像素画 #拼豆,#MANTA | #潮汐 | #我染上了拼豆 | #拼豆图纸 | #像素画 | #拼豆,南旻 关注,潮汐 MANTA拼豆图纸 把全员手搓出来了 欢迎大家返图，发作品也可以@我 #MANTA #潮汐 #我染上了拼豆 #拼豆图纸 #像素画 #拼豆 编辑于 04-06 广东 共 71 条评论 南旻 作者 未授权的商家禁止盗我的图去盈利 置顶评论 04-06广东 赞 回复 布洛芬 返图，萌 昨天 17:38山东 赞 1 南旻 作者 萌 昨天 17:51广东 赞 回复 星轨soir 老师问问可以做无料嘛 昨天 00:21江苏 赞 1 南旻 作者 可以 昨天 00:51广东 赞 回复 骑着魔鬼鱼去追光～ 返图！！萌萌的克制哥！！（灯光颜色有点黄 04-04山东 2 3 南旻 作者 好萌哟 04-04广东 赞 回复 展开 2 条回复 奶猫不咬人 @榎风时雨 我们有空去拼这个！ 03-19湖南 赞 2 夏秋安^-^（跪求流量回家版） 咋抓到你啦哈哈哈哈哈 03-19湖南 赞 回复 展开 1 条回复 夏秋安^-^（跪求流量回家版） 返图返图！根本拍不出多萌！老师好厉害！ 03-17湖南 9 4 南旻 作者 哇塞很可爱，老师好会拼！我还是第一次看到实物 03-17广东 1 回复 展开 3 条回复 天晴 蒸蚌！好萌啊 03-17湖南 赞 1 南旻 作者 谢谢宝宝 03-17广东 赞 回复 雪莲果不是土豆🥔 天呐好萌存一下有时间去拼 03-29广东 1 1 南旻 作者 好欸 03-29广东 赞 回复 夏季芭乐啥 萌！！ 03-17湖北 赞 3 南旻 作者 感谢🐟老师 03-17广东 赞 回复 展开 2 条回复 发疯中 返图返图！拼豆店怒拼 03-23江苏 赞 1 南旻 作者 好可爱 03-23广东 赞 回复,2257,1313,71,未授权的商家禁止盗我的图去盈利 || 返图，萌 || 萌 || 老师问问可以做无料嘛 || 可以
15,手残党福音❗️人森➕拼豆画图干货小技巧！！,https://www.xiaohongshu.com/search_result/69e215f7000000001f004c42?xsec_token=ABGJWKeCU-zT_O3ufL44z2a-4Lnj4iLzZSBD6owSdw8cU=&xsec_source=,https://www.xiaohongshu.com/search_result/69e215f7000000001f004c42?xsec_token=ABGJWKeCU-zT_O3ufL44z2a-4Lnj4iLzZSBD6owSdw8cU=&xsec_source=,Zziia,2天前,1000,https://www.xiaohongshu.com/explore/69e215f7000000001f004c42?xsec_token=ABGJWKeCU-zT_O3ufL44z2a-4Lnj4iLzZSBD6owSdw8cU=&xsec_source=pc_search&source=web_explore_feed,手残党福音❗️人森➕拼豆画图干货小技巧！！ - 小红书,手残党福音❗️人森➕拼豆画图干货小技巧！！,看到大家都在分享拼豆图纸和人森的适配 我自己也试了试，开始直接一个个小方块戳 不好对齐小方块特别容易歪🥲 特别是外轮廓（里面的可以填充） 重点来了！！ 发现跟着视频这几个步骤设置后 特别特别简单画出方块样式 只需要把外轮廓画出，再用油桶填充！ 再也不用担心不会画图了！！ 喜欢拼豆/像素风格和人森的有福了！！有图纸就能搓出来！！快来试试吧 PS: 随橙想，两个热门的玩法能梦幻联动，真的太幸福了，赛博拼豆啊属于是 #朋友收集梦想生活 #Tomodachi_Life #人森 #拼豆实用主义 #拼豆图纸,#朋友收集梦想生活 | #Tomodachi_Life | #人森 | #拼豆实用主义 | #拼豆图纸,Zziia 关注,手残党福音❗️人森➕拼豆画图干货小技巧！！ 看到大家都在分享拼豆图纸和人森的适配 我自己也试了试，开始直接一个个小方块戳 不好对齐小方块特别容易歪🥲 特别是外轮廓（里面的可以填充） 重点来了！！ 发现跟着视频这几个步骤设置后 特别特别简单画出方块样式 只需要把外轮廓画出，再用油桶填充！ 再也不用担心不会画图了！！ 喜欢拼豆/像素风格和人森的有福了！！有图纸就能搓出来！！快来试试吧 PS: 随橙想，两个热门的玩法能梦幻联动，真的太幸福了，赛博拼豆啊属于是 #朋友收集梦想生活 #Tomodachi_Life #人森 #拼豆实用主义 #拼豆图纸 猜你想搜 朋友聚会新生活拼豆图纸 2天前 广东 共 46 条评论 Zziia 作者 二编: 家人们，沿着辅助线画可以关了！除非是想画方框，不然会画不了形状！ 置顶评论 1天前广东 6 回复 全是芋泥的无敌大泡芙！ 为啥我的中间有这么大的空呀 昨天 22:16安徽 赞 2 Zziia 作者 是不是画布拉太大了！可以调整试试 昨天 22:19广东 赞 回复 展开 1 条回复 Zwei 可以直接放到最小，拼完随便取名保存。然后去印章（工具栏第四个）里找自己刚刚画的，再放大 昨天 00:17江苏 6 4 Zziia 作者 天才啊！！又学到了 昨天 02:33广东 赞 回复 展开 3 条回复 乌漆嘛黑橘子皮 老师，我按照这个设置之后，用手涂格子，格子对不齐[完啦R]用手涂这个格子，颜色跑到另外的给子上去了[完啦R][完啦R] 1天前重庆 1 4 Zziia 作者 咦 怎么会这样哇 我这边基本就是点到一个格子就是一个 是不是画笔大小或者手太快了？慢一点试试嘞 1天前广东 赞 回复 展开 3 条回复 momo 以为不能拼豆练了一晚上画画天亮了发现可以拼豆[完啦R] 1天前河北 1 3 Zziia 作者 哈哈哈没事！现在你都会了 1天前广东 赞 回复 展开 2 条回复 弗兰西斯卡了 感谢分享！这个格子是放到最大就可以了吗 1天前山东 赞 3 Zziia 作者 对的！设置好辅助线和工具后，根据你的图的大小放大画布到合适尺寸就可以库库开拼！可以看看置顶评论 ！有好心人补充操作问题 1天前广东 赞 回复 展开 2 条回复 🐰兔哥大王 格子不够咋办呀 2天前吉林 赞 3 Zziia 作者 我也发现这个问题！然后我选了最小的那个方块画笔，再拉大了画布，可以试试！如果还是不够就只能妥协只画一部分了 2天前广东 赞 回复 展开 2 条回复 老布丁子 感谢！我之前画了一个，差点累死，这个看起来好用多了 1天前北京 赞 1 Zziia 作者 我第一次也是纯手戳 还好发现技巧！ 1天前广东 1 回复 种红果熬糖浆 天才谢谢你 1天前广东 1 回复 seweryn 天才！ 1天前江苏 赞 回复,1000,765,46,二编: 家人们，沿着辅助线画可以关了！除非是想画方框，不然会画不了形状！ || 为啥我的中间有这么大的空呀 || 是不是画布拉太大了！可以调整试试 || 可以直接放到最小，拼完随便取名保存。然后去印章（工具栏第四个）里找自己刚刚画的，再放大 || 天才啊！！又学到了
16,给毛巾烫磕一个！,https://www.xiaohongshu.com/search_result/69be61f2000000001a034f54?xsec_token=ABWDCqE3c4UATWL60OQmX4E53b4mBiIyxwPwVqkcX8KnE=&xsec_source=,https://www.xiaohongshu.com/search_result/69be61f2000000001a034f54?xsec_token=ABWDCqE3c4UATWL60OQmX4E53b4mBiIyxwPwVqkcX8KnE=&xsec_source=,米酿椰椰,03-21,5475,https://www.xiaohongshu.com/explore/69be61f2000000001a034f54?xsec_token=ABWDCqE3c4UATWL60OQmX4E53b4mBiIyxwPwVqkcX8KnE=&xsec_source=pc_search&source=web_explore_feed,给毛巾烫磕一个！ - 小红书,给毛巾烫磕一个！,毛巾烫真的可以拯救一切，闷豆和边缘烫化全部都没有了，出来的成品还毛茸茸的，让我们谢谢毛巾烫！ 烫画机145度15秒，烫到四周粘上毛巾为止，想要快一点的话可以手动加压，之前毛巾烫有过中间没粘上的情况，所以我一般会再多压一会儿，湿巾纸擦烘焙布降温，趁热撕下来重物压就可以非常完美了！ 图纸：@卷吖卷 #我染上了拼豆 #拼豆 #毛巾烫 #手工diy,#我染上了拼豆 | #拼豆 | #毛巾烫 | #手工diy,米酿椰椰 关注,给毛巾烫磕一个！ 毛巾烫真的可以拯救一切，闷豆和边缘烫化全部都没有了，出来的成品还毛茸茸的，让我们谢谢毛巾烫！ 烫画机145度15秒，烫到四周粘上毛巾为止，想要快一点的话可以手动加压，之前毛巾烫有过中间没粘上的情况，所以我一般会再多压一会儿，湿巾纸擦烘焙布降温，趁热撕下来重物压就可以非常完美了！ 图纸：@卷吖卷 #我染上了拼豆 #拼豆 #毛巾烫 #手工diy 03-21 江苏 共 104 条评论 千逐 这个要平大概多久啊？ 2天前安徽 赞 3 米酿椰椰 作者 两个半小时 2天前江苏 1 回复 展开 2 条回复 呆。 毛巾有没有链接 2天前山东 1 3 米酿椰椰 作者 宝宝评论里翻一下～ 2天前江苏 赞 回复 展开 2 条回复 贺汤汤💤 交作业啦！（店里没有透蓝色的豆，但是也挺好看的） 5天前山东 1 1 米酿椰椰 作者 5天前江苏 赞 回复 云吃吃 毛巾烫是带点春风把湖面吹皱了 暖洋洋的感觉 正常烫是很晴朗无风的感觉 很清爽 都好喜欢 04-03山东 46 4 米酿椰椰 作者 我还看到有湖面格里特烫的，闪闪发光也很漂亮！ 04-03江苏 8 回复 展开 3 条回复 疏里（毒妇版 求毛巾！ 03-24四川 赞 4 米酿椰椰 作者 这里 【小红书】拼豆毛巾烫专用全棉助烫布 😆 8eHKO0j8Zde 😆 https://xhslink.com/m/1iNbKIXytbG 点击链接或者复制本条信息打开【小红书app】查看 CA1866 03-24江苏 4 回复 展开 3 条回复 露比 求毛巾链接 6天前江苏 赞 3 米酿椰椰 作者 宝宝评论里找一下 6天前江苏 赞 回复 展开 2 条回复 暖小糖拼豆 好看，有没有蓝金渐层的图纸？ 04-03江苏 2 2 米酿椰椰 作者 没有诶，图纸老师只画了这个 04-03江苏 1 回复 展开 1 条回复 Brian 求图纸 6天前吉林 赞 1 米酿椰椰 作者 像素风|狸奴窥春~(含色号图) 主页更新了狗子的，还有... http://xhslink.com/o/9yufJ67uFuX 前往【小红书】看看这篇分享吧！ 6天前江苏 赞 回复 卡古拉- 真的好好看啊，好厉害[抽泣R] 03-31河南 4 5 米酿椰椰 作者 发明毛巾烫的一定是个天才 03-31江苏 4 回复 展开 4 条回复 魔界的Oo 为什么我的总不平 03-24北京 赞 4 米酿椰椰 作者 撕下来之后立马趁热拿重物压 03-24江苏 赞 回复 展开 3 条回复,5475,2404,104,这个要平大概多久啊？ || 两个半小时 || 毛巾有没有链接 || 宝宝评论里翻一下～ || 交作业啦！（店里没有透蓝色的豆，但是也挺好看的）
18,烫豆完成！共130小时，97000颗拼豆我的祖国,https://www.xiaohongshu.com/search_result/69e213c8000000002102d023?xsec_token=ABGJWKeCU-zT_O3ufL44z2a26ekWR4rGfP6m29h9IrdY0=&xsec_source=,https://www.xiaohongshu.com/search_result/69e213c8000000002102d023?xsec_token=ABGJWKeCU-zT_O3ufL44z2a26ekWR4rGfP6m29h9IrdY0=&xsec_source=,我叫王尔德,2天前,42.6万,https://www.xiaohongshu.com/explore/69e213c8000000002102d023?xsec_token=ABGJWKeCU-zT_O3ufL44z2a26ekWR4rGfP6m29h9IrdY0=&xsec_source=pc_search&source=web_explore_feed,烫豆完成！共130小时，97000颗拼豆我的祖国 - 小红书,烫豆完成！共130小时，97000颗拼豆我的祖国,#拼豆 #挑战 #我的祖国 #中国地图 #我叫王尔德 #万物皆可拼#我染上了拼豆 #小红书拼豆大赛 #拼豆极限挑战 @手工薯,#拼豆 | #挑战 | #我的祖国 | #中国地图 | #我叫王尔德 | #万物皆可拼 | #我染上了拼豆 | #小红书拼豆大赛 | #拼豆极限挑战,我叫王尔德 关注,烫豆完成！共130小时，97000颗拼豆我的祖国 #拼豆 #挑战 #我的祖国 #中国地图 #我叫王尔德 #万物皆可拼#我染上了拼豆 #小红书拼豆大赛 #拼豆极限挑战 @手工薯 猜你想搜 97000颗拼豆拼中国地图 编辑于 2天前 浙江 共 6900 条评论 手工薯 薯的天！！本薯带着小红书拼豆大赛来了！拼豆极限挑战赛道有你真好 置顶评论 2天前上海 6.4万 181 我叫王尔德 作者 谢谢官方大大！拼豆极限挑战赛道已就位✨拼豆挑战冲冲冲！！！ 2天前浙江 2.3万 回复 展开 180 条回复 Mole. 其实我感觉蓝色的会更好 2天前陕西 6084 370 love.柯 只是你觉得， 1天前四川 7783 回复 展开 369 条回复 钱包超紧张女士 我来交作业了 昨天 21:33吉林 147 5 兔饼ぉ 还有高手！！ 昨天 23:04重庆 14 回复 展开 4 条回复 九歌Be.Cataleya 我给自己绣了一个啊哈哈哈哈 手工｜珠绣中国地图 共9张 1天前上海 9256 95 归零一切越来越好 这个真心的好看，你太厉害了 1天前湖北 797 回复 展开 94 条回复 小过子 一代人有一代人的十字绣，钻石画，拼豆 2天前广东 7991 40 梧桐叶下潇潇雨 没人玩过水雾魔珠吗 1天前四川 781 回复 展开 39 条回复 zz 我以为点进评论会是夸博主拼得还原的，怎么都在说底色啊 1天前广西 3969 19 活鱼逆流而上 不是找茬，是他先问岛屿怎么连接，他问的时候我脑子在想用透明好看，然后他选了白色，这样观众心里就会对比，但都很好看 1天前湖北 1305 回复 展开 18 条回复 一曲菱歌 我滴妈呀大哥不用这么破的针拼 我都买90针的滑豆 你这真佩服你 2天前山东 1993 17 SHANELLE沙拉 上个视频他好像说不会用 1天前江苏 251 回复 展开 16 条回复 宝夷莲花-手绘 谁懂那句“把缺失的钓鱼岛和赤尾屿给它补上” 1天前江苏 527 5 卡布叻-安安（🍪） 太有含金量了 1天前辽宁 28 回复 展开 4 条回复 开心点^ 我不行了，以为评论区都是赞叹，但主播已经很厉害了，大家多夸夸别人啊 2天前四川 1814 8 菠萝椰椰冰 可不是啥，好牛啊这个耐力 1天前陕西 58 回复 展开 7 条回复 ^可爱的锤头鲨^ 可以用透明豆把那个岛屿连起来 1天前河南 818 22 07. 我也觉得如果用透明豆替换掉白色应该会更加震撼 1天前马来西亚 416 回复 展开 21 条回复,100000,28000,6900,薯的天！！本薯带着小红书拼豆大赛来了！拼豆极限挑战赛道有你真好 || 谢谢官方大大！拼豆极限挑战赛道已就位✨拼豆挑战冲冲冲！！！ || 其实我感觉蓝色的会更好 || 只是你觉得， || 我来交作业了
11,邪修拼豆,https://www.xiaohongshu.com/search_result/687d9bc2000000002201ced9?xsec_token=ABmaWMIVECAV0839FtD3-PJ84mM4YSy362-cDMbiR6g94=&xsec_source=,https://www.xiaohongshu.com/search_result/687d9bc2000000002201ced9?xsec_token=ABmaWMIVECAV0839FtD3-PJ84mM4YSy362-cDMbiR6g94=&xsec_source=,小羊不辣,2025-07-21,4.3万,https://www.xiaohongshu.com/explore/687d9bc2000000002201ced9?xsec_token=ABmaWMIVECAV0839FtD3-PJ84mM4YSy362-cDMbiR6g94=&xsec_source=pc_search&source=web_explore_feed,邪修拼豆 - 小红书,邪修拼豆,邪修#拼豆 三小时完成👼 拿镊子按就会很多立起来 但是真废豆,#拼豆,小羊不辣 关注,邪修拼豆 邪修#拼豆 三小时完成👼 拿镊子按就会很多立起来 但是真废豆 2025-07-21 共 2375 条评论 小羊不辣 作者 神女图纸源@Uma（拼豆版） 不一一回复了 置顶评论 04-08江苏 4 回复 初見^ 我的 2025-08-19江苏 13 3 🌸MirosyYanzh. 鹿鹿 2025-08-19陕西 5 回复 展开 2 条回复 船少日记 厉害不 2025-12-18浙江 19 4 小羊不辣 作者 牛逼 烫的好好 2025-12-18江苏 1 回复 展开 3 条回复 关于 2025-08-19辽宁 8 5 沄絁. 求Kitty图纸 2025-08-19内蒙古 1 回复 展开 4 条回复 选择困难症 两小时 2025-08-15山东 8 3 你小汁 星露谷吗！ 2025-08-15辽宁 5 回复 展开 2 条回复 雄鹰般的女人 今天和妹妹拼的，硬坐了两个小时 2025-08-01陕西 28 4 puppy是小狗ooo 求图纸宝宝 2025-08-02江西 2 回复 展开 3 条回复 我的灵魂是个哑巴 两个半小时 2025-08-11河南 5 5 我的灵魂是个哑巴 chuuya肤色选黑了 2025-08-11河南 赞 回复 展开 4 条回复 小羊不辣 作者 追随神女 2025-07-23山东 546 21 奥利甜欣 好可爱 2025-07-24河北 69 回复 展开 20 条回复 画画的Dora 我的猫猫我真的很爱！ 2025-08-14江苏 18 3 air league 姐妹有没有研磨猫猫的参考图啊 真的好好看 2025-08-14湖北 2 回复 展开 2 条回复 小蛋挞 求板子白色的这个板子 2025-11-07广东 1 2 小羊不辣 作者 随便买 拼豆板子 建议买四块 2025-11-07江苏 赞 回复 展开 1 条回复,44000,7428,2375,神女图纸源@Uma（拼豆版） 不一一回复了 || 我的 || 鹿鹿 || 厉害不 || 牛逼 烫的好好
12,拼豆图纸｜小樱与知世重发,https://www.xiaohongshu.com/search_result/69bc20fb000000001a03284a?xsec_token=ABF1uIXBi0pUCnNWyvx-vIgho-QGRP8Xui1kSTrvytcuQ=&xsec_source=,https://www.xiaohongshu.com/search_result/69bc20fb000000001a03284a?xsec_token=ABF1uIXBi0pUCnNWyvx-vIgho-QGRP8Xui1kSTrvytcuQ=&xsec_source=,困鼠辣（拼豆版）,03-20,1.9万,https://www.xiaohongshu.com/explore/69bc20fb000000001a03284a?xsec_token=ABF1uIXBi0pUCnNWyvx-vIgho-QGRP8Xui1kSTrvytcuQ=&xsec_source=pc_search&source=web_explore_feed,拼豆图纸｜小樱与知世重发 - 小红书,拼豆图纸｜小樱与知世重发,很多宝宝反馈这组图看不到了，也不知道为啥就这一组图看不到！！！应大家要求重发一下ε٩(๑>₃<)۶з#拼豆 #我染上了拼豆 #拼豆豆 #拼豆图纸 #像素画,#拼豆 | #我染上了拼豆 | #拼豆豆 | #拼豆图纸 | #像素画,困鼠辣（拼豆版） 关注,拼豆图纸｜小樱与知世重发 很多宝宝反馈这组图看不到了，也不知道为啥就这一组图看不到！！！应大家要求重发一下ε٩(๑>₃<)۶з#拼豆 #我染上了拼豆 #拼豆豆 #拼豆图纸 #像素画 猜你想搜 三丽鸥拼豆图纸 03-20 共 246 条评论 Disappear 03-20北京 88 23 小红薯69D0AACD 老师请问拼一个大哥多少个小时呀 03-20四川 39 回复 展开 22 条回复 是山. 来返图啦宝宝！！好可爱好漂亮！两个半小时结束战斗了！ 04-11辽宁 3 6 戚戚 你好快速啊 04-11江西 赞 回复 展开 5 条回复 神. 第一次拼的不要选这个图下午五点到店选好豆准备拼 现在才回家（12点） 03-24上海 19 11 神. 03-24上海 5 回复 展开 10 条回复 momo 老师返图 昨天 20:02浙江 赞 回复 사랑^💤 @玛卡巴卡 你想不想拼这个，你当小樱我当知世 04-11湖南 赞 1 玛卡巴卡 我去你是天才 04-11湖南 赞 回复 檀多多多🔥 拼完了！交作业！ 1天前山东 赞 回复 山河人间 @揽星剑 @Zy_云鹤青 @莫折我柳 小青给我做，我要这个 03-24江苏 1 4 Zy_云鹤青 给你做给你做，都可以做 03-24广东 赞 回复 展开 3 条回复 cat居居 交作业 1天前重庆 赞 回复 苏雪染暮橘🍊 这么完整居然还是小图，老师我爱你 03-20上海 5 4 困鼠辣（拼豆版） 作者 这是大图宝，有个52版本的在主页 03-20广东 4 回复 展开 3 条回复 改一个名字 才拼了知世，可爱死了 03-20江苏 1 4 ʚ🧸ྀ一抹晨曦🧸ɞ 52的板够不够用呀 03-20海南 赞 回复 展开 3 条回复,19000,17000,246,老师请问拼一个大哥多少个小时呀 || 来返图啦宝宝！！好可爱好漂亮！两个半小时结束战斗了！ || 你好快速啊 || 第一次拼的不要选这个图下午五点到店选好豆准备拼 现在才回家（12点） || 老师返图
13,花束杯垫💐,https://www.xiaohongshu.com/search_result/697312b7000000000a02bf74?xsec_token=AB9Pi6hLUYDp49J4Gl4oBVIXkCdGVh7S27ma8LiHvCMzo=&xsec_source=,https://www.xiaohongshu.com/search_result/697312b7000000000a02bf74?xsec_token=AB9Pi6hLUYDp49J4Gl4oBVIXkCdGVh7S27ma8LiHvCMzo=&xsec_source=,椒盐酥鱼（见过虞书欣版）,01-28,1万,https://www.xiaohongshu.com/explore/697312b7000000000a02bf74?xsec_token=AB9Pi6hLUYDp49J4Gl4oBVIXkCdGVh7S27ma8LiHvCMzo=&xsec_source=pc_search&source=web_explore_feed,花束杯垫💐 - 小红书,花束杯垫💐,一个成功但不完美的澡巾烫 阳光底下超好看 还有bulingbuling的细闪感✨ 不要在我评论区打广告 被骗一律不负责 cr：@冬连绵 #杯垫 #我染上了拼豆 #隔热垫 #拼豆,#杯垫 | #我染上了拼豆 | #隔热垫 | #拼豆,椒盐酥鱼（见过虞书欣版） 关注,花束杯垫💐 一个成功但不完美的澡巾烫 阳光底下超好看 还有bulingbuling的细闪感✨ 不要在我评论区打广告 被骗一律不负责 cr：@冬连绵 #杯垫 #我染上了拼豆 #隔热垫 #拼豆 猜你想搜 拼豆花花杯垫图纸 编辑于 01-28 共 100 条评论 日照金山 好仙气飘飘 01-28重庆 1 回复 石榴籽 高透豆和搓澡巾组合特别像磨砂玻璃质感 02-07河南 85 10 椒盐酥鱼（见过虞书欣版） 作者 求一个高透豆 02-08宁夏 8 回复 展开 9 条回复 我的小猫很可爱 [棒R]俺也有 03-17浙江 9 2 zfusursztfu 姐妹可以发一下图纸吗 03-21河北 赞 回复 展开 1 条回复 Kawaii小羊 我怎么感觉烫之前更好看 02-02浙江 20 2 椒盐酥鱼（见过虞书欣版） 作者 可能你是有孔党 02-02宁夏 94 回复 展开 1 条回复 迟恩 心死了 撕不下来了 02-06浙江 5 4 椒盐酥鱼（见过虞书欣版） 作者 毛巾烫久了就会这样 下次试试澡巾 02-06宁夏 8 回复 展开 3 条回复 ya～ya～ 杯垫放装热水的杯子会烫坏吗 01-28福建 2 2 椒盐酥鱼（见过虞书欣版） 作者 不会 但是放锅和碗不建议 01-28宁夏 5 回复 展开 1 条回复 zh 宝宝你这个是毛巾烫嘛，好漂亮呀 02-03山西 9 6 椒盐酥鱼（见过虞书欣版） 作者 是澡巾烫 02-03宁夏 6 回复 展开 5 条回复 幺幺 求图纸！！ 01-29江苏 3 2 椒盐酥鱼（见过虞书欣版） 作者 宝宝看文案 原图纸不能转载 01-30宁夏 4 回复 展开 1 条回复 饱饱真的饱了 澡巾上涂的闪粉嘛 01-23辽宁 8 3 椒盐酥鱼（见过虞书欣版） 作者 没有哦 01-23宁夏 赞 回复 展开 2 条回复 包子 这是怎么烫出来这种感觉的呀，好漂亮，是烫的时间长嘛 03-10河南 2 1 椒盐酥鱼（见过虞书欣版） 作者 底下垫澡巾烫 03-10宁夏 1 回复,11000,5069,100,好仙气飘飘 || 高透豆和搓澡巾组合特别像磨砂玻璃质感 || 求一个高透豆 || [棒R]俺也有 || 姐妹可以发一下图纸吗
14,我服了,https://www.xiaohongshu.com/search_result/69a3ec74000000002800885b?xsec_token=ABBq3kZtIG8mpGzQPMbHLtwh5EXgg2MR0B7r66m9ZJR2I=&xsec_source=,https://www.xiaohongshu.com/search_result/69a3ec74000000002800885b?xsec_token=ABBq3kZtIG8mpGzQPMbHLtwh5EXgg2MR0B7r66m9ZJR2I=&xsec_source=,排骨粥,03-30,8300,https://www.xiaohongshu.com/explore/69a3ec74000000002800885b?xsec_token=ABBq3kZtIG8mpGzQPMbHLtwh5EXgg2MR0B7r66m9ZJR2I=&xsec_source=pc_search&source=web_explore_feed,我服了 - 小红书,我服了,更新惹：之前买的套盒快用完了干脆买个221的 然后在网上看了看买了小蜜蜂家的 他家好像小红书也有店铺 感觉质量非常出乎意料 221色都没什么毛刺 高低豆也没有 主要是我特别喜欢他们家的那个自封袋 特别厚！！我就喜欢厚实硬挺的自封袋谁懂。而且送工具包和色号贴，不过那个工具包里面居然还有烘焙布之前都是烘焙纸。。桀桀桀我不用重新买了。图片在p2p3，然后拼了一下感觉也很ok啊！！ 之前春节期间随意买了一家正常发货的8块多钱，快9块钱1万颗，收到后感觉特别多静电啊，一直吸附在自封袋上。 后面又买了一家5块多钱的，到手居然质量稳赢前一家… #我染上了拼豆 #我不能理解 #拼豆 #谁懂啊家人 二编：新买的5.55🥕补充装也到了 和我之前买的略有色差但是我个人能接受 质量肉眼看挺好的 没有静电 毛刺也特别少 基本没有大小豆 p3 以及刷出了券又买了4.45🥕一万颗的白豆 质量也很好 图在p4 p5 三编：更新的拼好之后和烫好之后在p678（PS：因为我找不到我的滚筒粘毛器，懒得粘毛，导致上面有很多小灰尘，自己烫的之前注意一下就好了，总体来说还是可以的，因为我这个熨斗是送的那个超小的熨斗，然后我会经常拖拽它去烫，所以导致边缘的线条不是很直 四编：新买了个26r的熨斗和一个0.9r的长针画线豆板（商家是说长针不掉豆不知道真的假的。到货了试一下好不好用#保持更新中 #单纯分享看看就好 五编：不行这个熨斗我得新买一个 我还是觉得味道好大 六编：新买的烘焙布是粗纹的30*20的尺寸五张六块多。有没有细纹的推荐啊#求助 #提问 洛克王国好好玩啊我靠。！ #洛克王国世界,#我染上了拼豆 | #我不能理解 | #拼豆 | #谁懂啊家人 | #保持更新中 | #单纯分享看看就好 | #求助 | #提问 | #洛克王国世界,排骨粥 关注,我服了 更新惹：之前买的套盒快用完了干脆买个221的 然后在网上看了看买了小蜜蜂家的 他家好像小红书也有店铺 感觉质量非常出乎意料 221色都没什么毛刺 高低豆也没有 主要是我特别喜欢他们家的那个自封袋 特别厚！！我就喜欢厚实硬挺的自封袋谁懂。而且送工具包和色号贴，不过那个工具包里面居然还有烘焙布之前都是烘焙纸。。桀桀桀我不用重新买了。图片在p2p3，然后拼了一下感觉也很ok啊！！ 之前春节期间随意买了一家正常发货的8块多钱，快9块钱1万颗，收到后感觉特别多静电啊，一直吸附在自封袋上。 后面又买了一家5块多钱的，到手居然质量稳赢前一家… #我染上了拼豆 #我不能理解 #拼豆 #谁懂啊家人 二编：新买的5.55🥕补充装也到了 和我之前买的略有色差但是我个人能接受 质量肉眼看挺好的 没有静电 毛刺也特别少 基本没有大小豆 p3 以及刷出了券又买了4.45🥕一万颗的白豆 质量也很好 图在p4 p5 三编：更新的拼好之后和烫好之后在p678（PS：因为我找不到我的滚筒粘毛器，懒得粘毛，导致上面有很多小灰尘，自己烫的之前注意一下就好了，总体来说还是可以的，因为我这个熨斗是送的那个超小的熨斗，然后我会经常拖拽它去烫，所以导致边缘的线条不是很直 四编：新买了个26r的熨斗和一个0.9r的长针画线豆板（商家是说长针不掉豆不知道真的假的。到货了试一下好不好用#保持更新中 #单纯分享看看就好 五编：不行这个熨斗我得新买一个 我还是觉得味道好大 六编：新买的烘焙布是粗纹的30*20的尺寸五张六块多。有没有细纹的推荐啊#求助 #提问 洛克王国好好玩啊我靠。！ #洛克王国世界 编辑于 03-30 广东 共 265 条评论 排骨粥 作者 我服了我置顶还掉了 置顶评论 03-13广东 7 3 排骨粥 作者 这是那个0.9的豆板。我个人觉得挺好的比我之前那个针要长一点点（应该算是长针吧）然后倾斜也不怎么容易掉，后面我还加了一些变成大格子也还可以。我个人觉得不错 共4张 03-13广东 16 回复 展开 2 条回复 潭潭水觅 这家也可以有四万颗 03-01广东 160 42 排骨粥 作者 我去早知道我先问你了！ 03-01广东 27 回复 展开 41 条回复 momo 我pdd3.7买的差不多一百克质量也超好 03-01河北 10 25 排骨粥 作者 我去！这我得蹲个链接了 03-01广东 7 回复 展开 24 条回复 排骨粥 作者 03-02广东 11 6 排骨粥 作者 不知道能不能看到啊 03-02广东 3 回复 展开 5 条回复 排骨粥 作者 买了个九毛钱的豆板 画线长针的不知道好不好用 03-09广东 2 13 排骨粥 作者 0.15🥕买了100个密封袋 没有想象中的好但是还可以了 03-10广东 3 回复 展开 12 条回复 排骨粥 作者 新买了一个5.55🥕 100g的补充装。 03-03广东 3 7 我的蛋黄会流油 我也要 03-05浙江 1 回复 展开 6 条回复 东升 有没有便宜的多色豆子推荐，不用量很多。 03-14广东 2 10 排骨粥 作者 那直接pdd去买盒装的啊。我今天还刷到个264色才35块钱hhh 03-14广东 5 回复 展开 9 条回复 门前大桥下 这个帖子不许删！！！我存上了！！！等我拼完了去买 03-02新疆 9 5 排骨粥 作者 好好好，我还买了其他色号补充装，我还没去拿，晚点看看质量怎么样 03-02广东 4 回复 展开 4 条回复 排骨粥 作者 有没有人推荐一下熨斗啊[完啦R]我买了个26🥕的不知道好不好 03-08广东 2 14 排骨粥 作者 03-08广东 9 回复 展开 13 条回复 萧牧 有没有不是补充包，有很多颜色的便宜豆豆推荐 03-07浙江 1 6 排骨粥 作者 没有噢 我买的120色送工具37r 03-07广东 5 回复 展开 5 条回复,8300,6296,265,我服了我置顶还掉了 || 这是那个0.9的豆板。我个人觉得挺好的比我之前那个针要长一点点（应该算是长针吧）然后倾斜也不怎么容易掉，后面我还加了一些变成大格子也还可以。我个人觉得不错 || 这家也可以有四万颗 || 我去早知道我先问你了！ || 我pdd3.7买的差不多一百克质量也超好
15,以后岂不是可以全部自己手搓了,https://www.xiaohongshu.com/search_result/686e227c000000000b01eeed?xsec_token=ABOmRj9aeoGu9Iibrj34A75rGyL-Srn5kOBnwIrVn0K-0=&xsec_source=,https://www.xiaohongshu.com/search_result/686e227c000000000b01eeed?xsec_token=ABOmRj9aeoGu9Iibrj34A75rGyL-Srn5kOBnwIrVn0K-0=&xsec_source=,逸颗苹果,2025-07-09,8382,https://www.xiaohongshu.com/explore/686e227c000000000b01eeed?xsec_token=ABOmRj9aeoGu9Iibrj34A75rGyL-Srn5kOBnwIrVn0K-0=&xsec_source=pc_search&source=web_explore_feed,以后岂不是可以全部自己手搓了 - 小红书,以后岂不是可以全部自己手搓了,这个app无意间发现的真好用#拼豆,#拼豆,逸颗苹果 关注,以后岂不是可以全部自己手搓了 这个app无意间发现的真好用#拼豆 猜你想搜 拼豆生成器app 编辑于 2025-07-09 共 87 条评论 逸颗苹果 作者 app是这个不要再蹲了 置顶评论 2025-07-12北京 337 1 鹤峤怀书 谢谢老师 2025-07-15浙江 30 回复 醋拌柠檬 我尝试过，他这个豆格太小了，做出来会特别大一个，但是放大豆格就显示不好画面了而且要自己根据图片把豆子的颜色和位置统一规整，不然他有的格子的颜色是一半一半的我上哪找渐变豆过来，建议做一下简易Q版的，这样好擦杂色 2025-07-13新疆 332 9 无骨麻辣鸡爪 我都是直接新建画布，想要多大的成品就新建多大的画布，再把图片导入到画布上，这样格子里面就没有渐变色了，自己再简单修修颜色，然后打开拼豆工作台把调色板切换到自己用的豆子 2025-07-16浙江 108 回复 展开 8 条回复 橙歆诚意 老师问问将同人图做成拼豆算侵权吗，纯自用欣赏 2025-08-29辽宁 5 8 逸颗苹果 作者 不能问我，你得问作者老师 2025-08-29北京 43 回复 展开 7 条回复 jt.sw 像类似这样做好的图纸。怎么才能确定这个图纸是我想要的大小？就是我想做一个板子的大小是64还是52来着？ 2025-08-19河南 7 5 jt.sw 但因为我是直接导入拼图图纸，他也没有显示说这个做出来是多大的？ 2025-08-19河南 2 回复 展开 4 条回复 丢雪人女王 要花钱吗这个 2025-07-13天津 赞 4 竹林小巷🎋 不花 2025-07-22河北 1 回复 展开 3 条回复 Puppet. 老师 为什么我出的图没有色号呀 2025-08-08山东 赞 2 逸颗苹果 作者 点左边有一个小箭头的图标 2025-08-08北京 1 回复 展开 1 条回复 我們的世界不應該只剩彼此嗎 宝宝怎么样可以导出拼豆图纸啊！ 2025-11-29浙江 赞 2 逸颗苹果 作者 左边有一个向下的箭头，点那个 2025-11-29北京 赞 回复 展开 1 条回复 苒苒 老师我的拼豆未来就看你了 2025-07-09河南 6 2 逸颗苹果 作者 可以我尽量，官图可以发， 但老师们画的同人图只能咱自己搞了我怕侵权hhhhhh 2025-07-09北京 1 回复 展开 1 条回复 一小只寄居蟹不停在搬家 不会用，出个教程 2025-07-09云南 赞 1 逸颗苹果 作者 笔记更新好啦图片在后面 2025-07-09北京 1 回复 Lant电竞（招陪🥣） 求求了 哪个宝子可以帮帮～ 04-01海南 赞 回复,8382,3653,87,app是这个不要再蹲了 || 谢谢老师 || 我尝试过，他这个豆格太小了，做出来会特别大一个，但是放大豆格就显示不好画面了而且要自己根据图片把豆子的颜色和位置统一规整，不然他有的格子的颜色是一半一半的我上哪找渐变豆过来，建议做一下简易Q版的，这样好擦杂色 || 我都是直接新建画布，想要多大的成品就新建多大的画布，再把图片导入到画布上，这样格子里面就没有渐变色了，自己再简单修修颜色，然后打开拼豆工作台把调色板切换到自己用的豆子 || 老师问问将同人图做成拼豆算侵权吗，纯自用欣赏
16,【艺术拼豆】粼光渡舟,https://www.xiaohongshu.com/search_result/69c7c4ac000000001d01e6fd?xsec_token=ABgqsMkuHBsuKNyWjtP8H3LYpMZgqU-8eTYou8eZxVSDs=&xsec_source=,https://www.xiaohongshu.com/search_result/69c7c4ac000000001d01e6fd?xsec_token=ABgqsMkuHBsuKNyWjtP8H3LYpMZgqU-8eTYou8eZxVSDs=&xsec_source=,谢谢所有的鱼,03-28,2676,https://www.xiaohongshu.com/explore/69c7c4ac000000001d01e6fd?xsec_token=ABgqsMkuHBsuKNyWjtP8H3LYpMZgqU-8eTYou8eZxVSDs=&xsec_source=pc_search&source=web_explore_feed,【艺术拼豆】粼光渡舟 - 小红书,【艺术拼豆】粼光渡舟,来自英国画家 @Gordon Hunt Artist ，这个先生画的波光粼粼的海面真的绝美 52✖️52，可自行添加白色边框或者黑色边框做出邮片/交卷效果 禁止商用，二传二改艾特我，代拼私聊授权，求反图 #拼豆 #我染上了拼豆 #艺术 #拼豆图纸 #玩转像素画 #手工友人成长计划 #手工 #像素画打卡#要拼就拼融合豆,#拼豆 | #我染上了拼豆 | #艺术 | #拼豆图纸 | #玩转像素画 | #手工友人成长计划 | #手工 | #像素画打卡 | #要拼就拼融合豆,谢谢所有的鱼 关注,【艺术拼豆】粼光渡舟 来自英国画家 @Gordon Hunt Artist ，这个先生画的波光粼粼的海面真的绝美 52✖️52，可自行添加白色边框或者黑色边框做出邮片/交卷效果 禁止商用，二传二改艾特我，代拼私聊授权，求反图 #拼豆 #我染上了拼豆 #艺术 #拼豆图纸 #玩转像素画 #手工友人成长计划 #手工 #像素画打卡#要拼就拼融合豆 猜你想搜 拼豆上作画 03-28 北京 共 57 条评论 💕 拼了3小时，谢谢老师的图～ 置顶评论 03-29北京 12 5 谢谢所有的鱼 作者 完美！ 03-29北京 2 回复 展开 4 条回复 白日妄想佳 交作业！第一次拼这种风景图，说实话拼中间有点拼艹了哈哈哈哈但拼出来真的非常美丽！存了很多老师的这种图慢慢拼 04-10甘肃 赞 10 momo 什么烫的哇好好看 4天前陕西 赞 回复 展开 9 条回复 甜贝呗 交作业 仙度瑞拉烫略微失败 04-09吉林 4 6 谢谢所有的鱼 作者 很美！看不出哪里失败 04-10北京 赞 回复 展开 5 条回复 bambù 闪闪～ 7天前广东 赞 2 bambù 请看实况～拍不出实物的特别闪 6天前广东 赞 回复 展开 1 条回复 睡眠进化者🥐 谢谢[亲一个R] 03-29江苏 10 5 momo 请问是用的是哪家格力特布 03-30安徽 2 回复 展开 4 条回复 噜啦啦哩 我也拼出来啦！虽然拼错了一些 1天前江苏 赞 回复 🐰 好美 03-29广东 4 4 泳衣不熬夜 好漂亮！是格利特效果吗 03-30广东 1 回复 展开 3 条回复 周游列国周女士 喜欢！ 5天前北京 赞 回复 打太极的小笼包 太美了！ 7天前陕西 赞 回复 JocelyNa 交作业~用豆针大概得花1个小时45分钟，还是有点费眼睛的[呃R] 04-11广东 赞 回复,2676,2839,57,拼了3小时，谢谢老师的图～ || 完美！ || 交作业！第一次拼这种风景图，说实话拼中间有点拼艹了哈哈哈哈但拼出来真的非常美丽！存了很多老师的这种图慢慢拼 || 什么烫的哇好好看 || 交作业 仙度瑞拉烫略微失败
17,洛克王国 | 拓麻歌子 | 拼豆图纸,https://www.xiaohongshu.com/search_result/6946595b000000001e02eb5e?xsec_token=ABbMkGhKFsIHxUpDiSlxaQO0L8pro60R14gX8rntN4vbw=&xsec_source=,https://www.xiaohongshu.com/search_result/6946595b000000001e02eb5e?xsec_token=ABbMkGhKFsIHxUpDiSlxaQO0L8pro60R14gX8rntN4vbw=&xsec_source=,出场必冷黑洞菌,03-24,1万,https://www.xiaohongshu.com/explore/6946595b000000001e02eb5e?xsec_token=ABbMkGhKFsIHxUpDiSlxaQO0L8pro60R14gX8rntN4vbw=&xsec_source=pc_search&source=web_explore_feed,洛克王国 | 拓麻歌子 | 拼豆图纸 - 小红书,洛克王国 | 拓麻歌子 | 拼豆图纸,(含镜像) 进行一个色号的转。 原图出处官方:@洛克王国官方迪莫 #拼豆图纸 #像素图 #洛克王国 #洛克王国世界 #画像素app #拓麻歌子,#拼豆图纸 | #像素图 | #洛克王国 | #洛克王国世界 | #画像素app | #拓麻歌子,出场必冷黑洞菌 关注,洛克王国 | 拓麻歌子 | 拼豆图纸 (含镜像) 进行一个色号的转。 原图出处官方:@洛克王国官方迪莫 #拼豆图纸 #像素图 #洛克王国 #洛克王国世界 #画像素app #拓麻歌子 编辑于 03-24 山东 共 107 条评论 被害妄想症c 返图，萌！ 02-27浙江 1 回复 冷少要跳水泥舞 太萌了！ 2025-12-21吉林 1 回复 三妍妍妍妍妍 真的很可爱 昨天 19:19湖北 1 回复 沙漠里游泳的鱼 交作业来了，拼了好久 昨天 12:48安徽 1 回复 安步中里 来交作业了！和朋友拼了三个小时，这个水蓝蓝太萌了！！ 昨天 17:51北京 赞 回复 天天坏消息 图2是哪个精灵啊，没见过呢 04-07上海 1 6 出场必冷黑洞菌 作者 是加尔哦，页游宠物，手游上还没出 04-07山东 5 回复 展开 5 条回复 封远尘 烫报废了，只留了一张遗照，下周重新做一个，到时候成功了再返图，没成功我再补一张遗照(我心理状况不太好，刚才烫毁的时候哭吐了，拿手机砸自己头，果然我还是太脆弱了，人家比我更大的图都失败过，所以我现在去外面跑了一圈已经没事了，下周再来) 昨天 16:40浙江 1 回复 腓腓 送闺蜜的交作业 04-03山东 6 4 亦忘红尘 宝宝你拼了多久？ 04-05广东 1 回复 展开 3 条回复 安折-Zz 我没坚持完 1天前辽宁 赞 1 出场必冷黑洞菌 作者 这个也很棒啊宝子 1天前山东 赞 回复 啦啦啦啦 返图！超级萌！ 04-06重庆 1 2 Ginnnin 宝贝链子有链接吗 04-11上海 赞 回复 展开 1 条回复,11000,9270,107,返图，萌！ || 太萌了！ || 真的很可爱 || 交作业来了，拼了好久 || 来交作业了！和朋友拼了三个小时，这个水蓝蓝太萌了！！
18,无孔是烫失败的，有孔才是正确烫法,https://www.xiaohongshu.com/search_result/6957d71c0000000021032b0a?xsec_token=ABU2e7y1IfrluOTrdce47_Q-f1wLChnbQr5tvxm7Gu52I=&xsec_source=,https://www.xiaohongshu.com/search_result/6957d71c0000000021032b0a?xsec_token=ABU2e7y1IfrluOTrdce47_Q-f1wLChnbQr5tvxm7Gu52I=&xsec_source=,趣玩手工(拼豆版),01-02,7480,https://www.xiaohongshu.com/explore/6957d71c0000000021032b0a?xsec_token=ABU2e7y1IfrluOTrdce47_Q-f1wLChnbQr5tvxm7Gu52I=&xsec_source=pc_search&source=web_explore_feed,无孔是烫失败的，有孔才是正确烫法 - 小红书,无孔是烫失败的，有孔才是正确烫法,今天店里来了一个小姐姐拼豆，按照惯例都是烫的无孔的，但是这个小姐姐说无孔的是失败的，说无孔就是为了偷懒，能直接烫好，有孔的得控制温度和力道，所以有孔的才是成功的烫法，所以到底哪种才是成功的烫法啊#我染上了拼豆 #要拼就拼融合豆 #手工 #拼豆 #拼豆图纸,#我染上了拼豆 | #要拼就拼融合豆 | #手工 | #拼豆 | #拼豆图纸,趣玩手工(拼豆版) 关注,无孔是烫失败的，有孔才是正确烫法 今天店里来了一个小姐姐拼豆，按照惯例都是烫的无孔的，但是这个小姐姐说无孔的是失败的，说无孔就是为了偷懒，能直接烫好，有孔的得控制温度和力道，所以有孔的才是成功的烫法，所以到底哪种才是成功的烫法啊#我染上了拼豆 #要拼就拼融合豆 #手工 #拼豆 #拼豆图纸 01-02 共 917 条评论 小红薯65E1F920 我记得15还是16年那会儿刚开始跟小伙伴们玩拼豆，那时候就是烫有孔的。如果烫到无孔那就是烫过头了……然后最近又开始给我推拼豆相关才发现现在竟然都特意烫成无孔了吗 01-03上海 61 2 momo 对，潮流是在变化的，以前确实是有孔主流，无孔都算烫坏了。以前有孔两面都要烫，现在无孔基本上只烫一面了 01-04中国香港 28 回复 展开 1 条回复 吧啦吧啦 立体的都得有孔才好拼我20年玩拼豆的时候都是立体的 不知道为啥现在都变成平面的了哈哈 01-08江苏 26 2 云建廷 好厉害 01-08广东 2 回复 展开 1 条回复 半日闲手作 我15年开店的时候，店里就做拼豆，那个时候没有无孔一说，在那会儿无孔真的是烫坏了，但是现在不一样的~很多人喜欢无孔~只能说萝卜白菜，各有所爱~自己喜欢的就是最合适的~ 01-05陕西 49 1 陆萌Moe 有孔是马赛克特殊质感，我觉得这个比较符合拼豆特色，无孔感觉是get同款，也能理解 01-05福建 8 回复 玛卡巴卡拖拉机 可是有孔边上感觉容易掉 01-03浙江 8 1 momo 不会，因为两面都要烫，反而现在无孔的只烫一面（非毛巾烫这类），我还担心会裂开 01-03中国香港 13 回复 Meekoo契倾 喜欢哪种哪种就是成功的 01-04河南 7153 12 乙方蜜蜂狗 是这样哈哈哈哈，我不允许我的豆子正反面有一个孔哈哈哈哈 01-04安徽 65 回复 展开 11 条回复 千层酥 更难的就是成功的这种说法是没道理的。 01-04上海 325 1 老在晚上饿 我认为两种都算成功，根据喜欢来定 01-04河南 89 回复 生姜爆炸会下雨 刚入坑 请问正确的拼豆正面反面是烫出来要一样的吗 01-12江苏 5 1 小红薯5D740520 不是 01-12江苏 3 回复 晚禾Warm 我早几年玩拼豆主要拼立体，立体的就要双面无孔，不然拼不起来 01-06湖南 1642 49 2U 这不是双面有孔吗 01-06上海 1930 回复 展开 48 条回复 栗子拼豆 我喜欢把豆子另一面当正面 01-03湖南 60 11 小耗CC（洛克代肝刷异色） 我也，这面好看 01-04吉林 9 回复 展开 10 条回复 把我当日本人整？ 以前大家都是烫有孔的，双面有孔，无孔大家都是说烫融了，现在流行趋势不一样嘞，喜欢啥样烫啥样嘛 01-04河北 104 4 6点了了 是的，好多年前我玩大豆那会儿，就是要烫有孔的，有立体感。如果看不见孔，就是烫过头了，豆子融化了，侧面很难看 01-04上海 23 回复 展开 3 条回复,7480,1103,917,我记得15还是16年那会儿刚开始跟小伙伴们玩拼豆，那时候就是烫有孔的。如果烫到无孔那就是烫过头了……然后最近又开始给我推拼豆相关才发现现在竟然都特意烫成无孔了吗 || 对，潮流是在变化的，以前确实是有孔主流，无孔都算烫坏了。以前有孔两面都要烫，现在无孔基本上只烫一面了 || 立体的都得有孔才好拼我20年玩拼豆的时候都是立体的 不知道为啥现在都变成平面的了哈哈 || 好厉害 || 我15年开店的时候，店里就做拼豆，那个时候没有无孔一说，在那会儿无孔真的是烫坏了，但是现在不一样的~很多人喜欢无孔~只能说萝卜白菜，各有所爱~自己喜欢的就是最合适的~
14,🦋100只蝴蝶🦋与花蝶[30],https://www.xiaohongshu.com/search_result/687fb6a00000000012021a1e?xsec_token=ABQ7_HWknPRn6sWir2N_4s0r9YRGQ9TXkseJlS5GeE_WE=&xsec_source=,https://www.xiaohongshu.com/search_result/687fb6a00000000012021a1e?xsec_token=ABQ7_HWknPRn6sWir2N_4s0r9YRGQ9TXkseJlS5GeE_WE=&xsec_source=,太可雾啦,2025-07-27,3万,https://www.xiaohongshu.com/explore/687fb6a00000000012021a1e?xsec_token=ABQ7_HWknPRn6sWir2N_4s0r9YRGQ9TXkseJlS5GeE_WE=&xsec_source=pc_search&source=web_explore_feed,🦋100只蝴蝶🦋与花蝶 - 小红书,🦋100只蝴蝶🦋与花蝶[30],蝴蝶 像素画 拼豆 十字绣 串珠 茉莉花 绿色 绿蝴蝶 淡绿色 💧色号为软件直出仅参考，图纸禁止转载！ ❌禁一切商用/二改/二传 ⭕欢迎返图~ ✨更多像素画系列更新中ing~ @手工薯 #小红书手工友好季 #手工友好指南 #我染上了拼豆#生活画家创作挑战赛 #自然画记#小红书兴趣季 #像素风 #像素图 #欢迎来到像素世界 #拼豆 #拼豆图纸 #十字绣 #十字绣图纸 #像素 #今天拼豆了么 #爱上像素画 #像素画 #我的世界像素画 #像素风游戏 #像素世界 #星露谷物语 #Minecraft #mc #我的世界mc #蝴蝶元素控 #蝴蝶像素画 #蝴蝶 #美丽的蝴蝶 #漂亮的蝴蝶 #蝴蝶和花 #花与蝶 #蝶与花 #花朵 #绿蝴蝶 #浅绿色 #淡绿色 #茉莉花,#小红书手工友好季 | #手工友好指南 | #我染上了拼豆 | #生活画家创作挑战赛 | #自然画记 | #小红书兴趣季 | #像素风 | #像素图 | #欢迎来到像素世界 | #拼豆 | #拼豆图纸 | #十字绣 | #十字绣图纸 | #像素 | #今天拼豆了么 | #爱上像素画 | #像素画 | #我的世界像素画 | #像素风游戏 | #像素世界 | #星露谷物语 | #Minecraft | #mc | #我的世界mc | #蝴蝶元素控 | #蝴蝶像素画 | #蝴蝶 | #美丽的蝴蝶 | #漂亮的蝴蝶 | #蝴蝶和花 | #花与蝶 | #蝶与花 | #花朵 | #绿蝴蝶 | #浅绿色 | #淡绿色 | #茉莉花,太可雾啦 关注,🦋100只蝴蝶🦋与花蝶[30] 蝴蝶 像素画 拼豆 十字绣 串珠 茉莉花 绿色 绿蝴蝶 淡绿色 💧色号为软件直出仅参考，图纸禁止转载！ ❌禁一切商用/二改/二传 ⭕欢迎返图~ ✨更多像素画系列更新中ing~ @手工薯 #小红书手工友好季 #手工友好指南 #我染上了拼豆#生活画家创作挑战赛 #自然画记#小红书兴趣季 #像素风 #像素图 #欢迎来到像素世界 #拼豆 #拼豆图纸 #十字绣 #十字绣图纸 #像素 #今天拼豆了么 #爱上像素画 #像素画 #我的世界像素画 #像素风游戏 #像素世界 #星露谷物语 #Minecraft #mc #我的世界mc #蝴蝶元素控 #蝴蝶像素画 #蝴蝶 #美丽的蝴蝶 #漂亮的蝴蝶 #蝴蝶和花 #花与蝶 #蝶与花 #花朵 #绿蝴蝶 #浅绿色 #淡绿色 #茉莉花 编辑于 2025-07-27 共 178 条评论 葡萄成熟时 老师 缩小版是多大的板呢 昨天 23:16陕西 赞 回复 闹 根据自己的色卡，改动了几个色号 2025-08-02安徽 101 17 太可雾啦 作者 2025-08-02湖南 19 回复 展开 16 条回复 六月. 返图 好清新的配色 立马保存就去拼了 2025-07-23上海 56 6 小板栗不栗 宝宝你拼了多久呀 2025-07-25安徽 16 回复 展开 5 条回复 finally（一定幸福版） 老师 这个会出放大版的吗 2025-07-23江西 12 14 太可雾啦 作者 怎么肥四，画了大的大家都要小版真是不知如何是好捏 2025-07-23湖南 36 回复 展开 13 条回复 噜噜不吃桃桃🍑🥕 03-27山西 1 8 噜噜不吃桃桃🍑🥕 烫好了 03-27山西 6 回复 展开 7 条回复 YY 有些颜色没有了用相似的颜色代替了没有原图好看 昨天 17:56河南 2 回复 小茉莉 这个图大概得拼多久啊 2025-07-23山东 2 2 Sinsoledad 颜色不复杂一俩小时足够 2025-07-24山西 7 回复 展开 1 条回复 椰子_ 呜呜新手，一个多小时才拼了那么点 2025-10-05云南 3 6 太可雾啦 作者 加油加油~ 2025-10-05湖南 1 回复 展开 5 条回复 Miette 这是我拼的，刚上手没多久，拼了4个小时 脖子都痛了 ，不过我拼的好像跟评论区不太一样，我本来要拼那个缩小版的，结果拼错了 2025-10-13海南 3 3 太可雾啦 作者 这个是缩小版滴 2025-10-13湖南 赞 回复 展开 2 条回复 掠影 老师我新手刚入坑没多久 这个图纸下面的色号该怎么看呀 04-02江苏 2 2 太可雾啦 作者 往后翻带字母的 04-02湖南 赞 回复 展开 1 条回复,31000,22000,178,老师 缩小版是多大的板呢 || 根据自己的色卡，改动了几个色号 || 返图 好清新的配色 立马保存就去拼了 || 宝宝你拼了多久呀 || 老师 这个会出放大版的吗
15,拼豆图纸｜小马宝莉拍立得相框🖼️,https://www.xiaohongshu.com/search_result/693b771f000000001f00ef0c?xsec_token=AB4Puydw1J4VLlGHgS1DvnvF5dDocA276aMC9--A_jIsg=&xsec_source=,https://www.xiaohongshu.com/search_result/693b771f000000001f00ef0c?xsec_token=AB4Puydw1J4VLlGHgS1DvnvF5dDocA276aMC9--A_jIsg=&xsec_source=,小烤鱼,2025-12-12,5335,https://www.xiaohongshu.com/explore/693b771f000000001f00ef0c?xsec_token=AB4Puydw1J4VLlGHgS1DvnvF5dDocA276aMC9--A_jIsg=&xsec_source=pc_search&source=web_explore_feed,拼豆图纸｜小马宝莉拍立得相框🖼️ - 小红书,拼豆图纸｜小马宝莉拍立得相框🖼️,图源：@SIZXO 色号：@小烤鱼 #拼豆图纸 #拼豆 #小马宝莉 #拍立得相框 #拍立得 #像素图 #图纸分享 #格子画 #像素画 #像素风,#拼豆图纸 | #拼豆 | #小马宝莉 | #拍立得相框 | #拍立得 | #像素图 | #图纸分享 | #格子画 | #像素画 | #像素风,小烤鱼 关注,拼豆图纸｜小马宝莉拍立得相框🖼️ 图源：@SIZXO 色号：@小烤鱼 #拼豆图纸 #拼豆 #小马宝莉 #拍立得相框 #拍立得 #像素图 #图纸分享 #格子画 #像素画 #像素风 2025-12-12 共 79 条评论 棱角- 老师返图 共4张 01-17辽宁 37 13 小烤鱼 作者 01-17河南 赞 回复 展开 12 条回复 calends 框框和背景怎么合在一起呀老师 03-19江苏 赞 2 小烤鱼 作者 可以用胶水 03-19河南 赞 回复 展开 1 条回复 雅（见过黄子版） 02-28江苏 2 3 小烤鱼 作者 好看 02-28河南 赞 回复 展开 2 条回复 草莓龙 跪求余晖烁烁 2025-12-13内蒙古 5 2 wwww.com 蹲 2025-12-15内蒙古 2 回复 展开 1 条回复 NieR. 这还说啥了 回去就拼@scaramouche 02-18河南 赞 1 scaramouche 柔柔在哪都漂亮 02-18广东 赞 回复 .. 返图！ 02-12海南 11 5 小烤鱼 作者 好棒啊 02-12河南 赞 回复 展开 4 条回复 林深时见鹿. 想要一下清晰的原图，太好看了 02-09湖南 赞 4 小烤鱼 作者 可进👗 里面有发 02-09河南 赞 回复 展开 3 条回复 dear 老师老师 可不可以求一下清晰的原图 01-24河南 1 6 Z&EXIN 回复 小烤鱼 : 老师我也要 01-24江西 赞 回复 展开 5 条回复 火光兔子 老师有没有不分开，框框里面接着拼画的图呀 02-25山东 赞 1 小烤鱼 作者 图纸里有 02-25河南 赞 回复 慕斯酌酒 可以自用吗？ 2025-12-21浙江 赞 1 小烤鱼 作者 可以的 2025-12-21河南 1 回复,5335,5210,79,老师返图 || 框框和背景怎么合在一起呀老师 || 可以用胶水 || 好看 || 跪求余晖烁烁
17,水晶苹果拼豆！太闪啦！（内含格利特烫教程）,https://www.xiaohongshu.com/search_result/69c8ef1900000000280088c3?xsec_token=ABlXq0p7g7drX2cbsFzU0ihLffX2KtZAwcUandELO2ayc=&xsec_source=,https://www.xiaohongshu.com/search_result/69c8ef1900000000280088c3?xsec_token=ABlXq0p7g7drX2cbsFzU0ihLffX2KtZAwcUandELO2ayc=&xsec_source=,来迪（拼豆版）,03-29,8.9万,https://www.xiaohongshu.com/explore/69c8ef1900000000280088c3?xsec_token=ABlXq0p7g7drX2cbsFzU0ihLffX2KtZAwcUandELO2ayc=&xsec_source=pc_search&source=web_explore_feed,水晶苹果拼豆！太闪啦！（内含格利特烫教程） - 小红书,水晶苹果拼豆！太闪啦！（内含格利特烫教程）,格利特烫还在翻车的姐妹看过来！原理和手法实操一个视频给大家讲清楚！@手工薯 图源@Kitty狂魔 #我染上了拼豆 #拼豆 #拼豆图纸 #要拼就拼融合豆 #拼豆日常 #拼豆教程 #格利特烫 #格利特烫教程 #,#我染上了拼豆 | #拼豆 | #拼豆图纸 | #要拼就拼融合豆 | #拼豆日常 | #拼豆教程 | #格利特烫 | #格利特烫教程,来迪（拼豆版） 关注,水晶苹果拼豆！太闪啦！（内含格利特烫教程） 格利特烫还在翻车的姐妹看过来！原理和手法实操一个视频给大家讲清楚！@手工薯 图源@Kitty狂魔 #我染上了拼豆 #拼豆 #拼豆图纸 #要拼就拼融合豆 #拼豆日常 #拼豆教程 #格利特烫 #格利特烫教程 # 猜你想搜 这些创意拼豆也太会了吧 编辑于 03-29 北京 共 662 条评论 来迪（拼豆版） 作者 烫布是这款 粉樱 限定大尺寸偏光DIY材料 置顶评论 03-30北京 157 13 来迪（拼豆版） 作者 图纸 水果系列25 水晶苹果 03-30北京 51 回复 展开 12 条回复 Jsnow 这种是什么情况呀[完啦R] 38分钟前江苏 赞 回复 飞鸟二世 我翻评论是为了看看有没有人跟着主包做出来的，没想到最高赞居然是抱怨这块布的音译有问题… 04-01上海 2252 17 ( ॑꒳ ॑ ) 因为中文片假化是很恐怖的一件事 04-03陕西 506 回复 展开 16 条回复 萄咽上班 哇好好看，看得我也想玩拼豆 48分钟前重庆 赞 回复 国家一级左撇子 看我的 03-30内蒙古 999 21 树诶 宝宝咋烫的呀！ 04-02福建 3 回复 展开 20 条回复 小奈 嘿嘿 04-04四川 166 11 serval 好清新的配色好看 04-04甘肃 1 回复 展开 10 条回复 玛丽猫本喵 为啥要垫毛巾呀 04-06加拿大 7 12 白芥晓川（bk激推版） 垫毛巾不容易散热 不然散热太快豆子粘不到格利特布上 04-06山东 24 回复 展开 11 条回复 蒋忆秋 既然不是把亮片烫上去。那是什么颜色的格力特是不是都无所谓 04-01上海 65 11 来迪（拼豆版） 作者 是的 但我一般选同色系 因为万一不小心把亮片粘上去了 还不至于和拼豆太违和 04-01北京 167 回复 展开 10 条回复 嘿嘿嘿 烫的细闪 1天前江苏 5 3 意向 求图纸 1天前北京 赞 回复 展开 2 条回复 耶耶 想请问一下 我这种是还没烫够吗 04-10北京 21 7 鱼鱼郁郁 天啊已经敲可爱了 04-10重庆 15 回复 展开 6 条回复,90000,22000,662,烫布是这款 粉樱 限定大尺寸偏光DIY材料 || 图纸 水果系列25 水晶苹果 || 这种是什么情况呀[完啦R] || 我翻评论是为了看看有没有人跟着主包做出来的，没想到最高赞居然是抱怨这块布的音译有问题… || 因为中文片假化是很恐怖的一件事
11,ラッキー🍀,https://www.xiaohongshu.com/search_result/69809fee00000000210285ac?xsec_token=AB5SXCecwPZeeqPFgCW2SfNWov_-PAkUAc3WXfbykTx4Q=&xsec_source=,https://www.xiaohongshu.com/search_result/69809fee00000000210285ac?xsec_token=AB5SXCecwPZeeqPFgCW2SfNWov_-PAkUAc3WXfbykTx4Q=&xsec_source=,一兜曲奇味的泡泡,02-04,3万,https://www.xiaohongshu.com/explore/69809fee00000000210285ac?xsec_token=AB5SXCecwPZeeqPFgCW2SfNWov_-PAkUAc3WXfbykTx4Q=&xsec_source=pc_search&source=web_explore_feed,ラッキー🍀 - 小红书,ラッキー🍀,请幸运降临吧 好适合做书签🔖 #四叶草 #拼豆 #我染上了拼豆,#四叶草 | #拼豆 | #我染上了拼豆,一兜曲奇味的泡泡 关注,ラッキー🍀 请幸运降临吧 好适合做书签🔖 #四叶草 #拼豆 #我染上了拼豆 猜你想搜 四叶草拼豆图纸 编辑于 02-04 共 367 条评论 一兜曲奇味的泡泡 作者 左边b1b17b11右边b1b5b8 置顶评论 02-06浙江 624 11 言情 02-10黑龙江 45 回复 展开 10 条回复 星奇呀（孤勇） 我有图片 02-15北京 947 81 罐装^O_o 吱吱吱 02-22北京 28 回复 展开 80 条回复 春怜 参考了作者的配色致歉（如有打扰马上删除 03-01安徽 315 18 Apple 谢谢好人啊啊啊啊 03-04海南 14 回复 展开 17 条回复 Ooh 02-09湖北 110 17 小明 求图 02-10新疆 8 回复 展开 16 条回复 ᅠᅠᅠ 来返图 03-06上海 24 13 2Q 宝宝你这咋烫的 好闪啊 03-06天津 3 回复 展开 12 条回复 隐姓埋名的吃鱼玩家 有图纸吗宝宝 02-02河南 12 15 一兜曲奇味的泡泡 作者 没有图纸宝宝 看这个拼吧 02-02浙江 78 回复 展开 14 条回复 Ceclia 我拼的是这个 02-08浙江 54 13 柚子树 求图纸 02-08云南 9 回复 展开 12 条回复 ^小妍哦 谁蹲？ 03-20四川 赞 2 ^小妍哦 可能要晚上才会发图出来 03-20四川 赞 回复 展开 1 条回复 momo 请问这个是哪些颜色哇 02-24山西 17 4 一兜曲奇味的泡泡 作者 b17，r18r19应该是这俩 透明豆我没标色号不是很确定 02-24浙江 17 回复 展开 3 条回复 但愿人长久的路小舟 第一次烫 求义诊 03-21山东 2 3 超级大美女（接🥚） 化了 03-27马来西亚 1 回复 展开 2 条回复,30000,20000,367,左边b1b17b11右边b1b5b8 || 我有图片 || 吱吱吱 || 参考了作者的配色致歉（如有打扰马上删除 || 谢谢好人啊啊啊啊
14,自制拼豆图纸教程🧩喜欢的照片秒变拼豆图纸,https://www.xiaohongshu.com/search_result/69427937000000001b033c73?xsec_token=ABSTC00SWwhVnK9w1_SqjkNjN98iHM33mm-lBf3Coile0=&xsec_source=,https://www.xiaohongshu.com/search_result/69427937000000001b033c73?xsec_token=ABSTC00SWwhVnK9w1_SqjkNjN98iHM33mm-lBf3Coile0=&xsec_source=,一颗甜豆er,2025-12-17,3.3万,https://www.xiaohongshu.com/explore/69427937000000001b033c73?xsec_token=ABSTC00SWwhVnK9w1_SqjkNjN98iHM33mm-lBf3Coile0=&xsec_source=pc_search&source=web_explore_feed,自制拼豆图纸教程🧩喜欢的照片秒变拼豆图纸 - 小红书,自制拼豆图纸教程🧩喜欢的照片秒变拼豆图纸,#拼豆图纸 #拼豆 #教程 #拼豆日常 #拼豆图纸分享 #拼豆图纸定制 #电子拼豆 #拼豆图纸生成工具 #小红书可以发文件了 #实用数码技巧分享,#拼豆图纸 | #拼豆 | #教程 | #拼豆日常 | #拼豆图纸分享 | #拼豆图纸定制 | #电子拼豆 | #拼豆图纸生成工具 | #小红书可以发文件了 | #实用数码技巧分享,一颗甜豆er 关注,自制拼豆图纸教程🧩喜欢的照片秒变拼豆图纸 #拼豆图纸 #拼豆 #教程 #拼豆日常 #拼豆图纸分享 #拼豆图纸定制 #电子拼豆 #拼豆图纸生成工具 #小红书可以发文件了 #实用数码技巧分享 猜你想搜 豆包生成拼豆图口令 2025-12-17 共 1293 条评论 一颗甜豆er 作者 自制拼豆图纸傻瓜式教程，有手... 更简单的教程来了，完全🆓 置顶评论 03-26广东 5 回复 布拿拿 谁能帮我弄一下，求求了，不会用画像素 03-28重庆 赞 1 小红薯67F9A7BC 可以小米 03-28山西 赞 回复 琳芸卿 交作业[亲一个R] 2025-12-27河南 1 6 Yee^ 怎么导出成这样 2025-12-28浙江 赞 回复 展开 5 条回复 peuto 求助为什么颜色感觉差好多 01-02福建 1 2 爱自己. 可以帮弄嘛宝宝 01-14辽宁 赞 回复 展开 1 条回复 铃小艺 求帮 02-26江苏 赞 2 一片软面包 可 02-26河南 赞 回复 展开 1 条回复 绵绵小羊 想拼我的小鸟们（四个图共五只鸟，是爸爸妈妈和它们的孩子们) 有没有大神帮帮我 共4张 37分钟前天津 1 回复 秦时白月光 哪位老师能帮帮忙 03-23河北 1 2 一颗甜豆er 作者 宝，我出了个更简单的教程，可以看下 自制拼豆图纸傻瓜式教程，有手... 03-26广东 赞 回复 展开 1 条回复 凹凸曼与小怪兽的纠结 妈呀vip还不行，要svip 昨天 22:04广东 赞 回复 Nuyoah 求老师们帮个忙感谢🥹 02-27江苏 1 2 林中 02-27江西 1 回复 展开 1 条回复 小熙 怎么去除醒图Ai的水印啊 昨天 21:48云南 赞 回复,34000,29000,1293,自制拼豆图纸傻瓜式教程，有手... 更简单的教程来了，完全🆓 || 谁能帮我弄一下，求求了，不会用画像素 || 可以小米 || 交作业[亲一个R] || 怎么导出成这样
16,新手入坑第一拼！,https://www.xiaohongshu.com/search_result/6814a22f000000000901541b?xsec_token=ABOKbCjXhi76kqIa1EWP0tQVXsebWUbbAy6Ez8VO8vy30=&xsec_source=,https://www.xiaohongshu.com/search_result/6814a22f000000000901541b?xsec_token=ABOKbCjXhi76kqIa1EWP0tQVXsebWUbbAy6Ez8VO8vy30=&xsec_source=,甜甜甜菜x,2025-05-02,9742,https://www.xiaohongshu.com/explore/6814a22f000000000901541b?xsec_token=ABOKbCjXhi76kqIa1EWP0tQVXsebWUbbAy6Ez8VO8vy30=&xsec_source=pc_search&source=web_explore_feed,新手入坑第一拼！ - 小红书,新手入坑第一拼！,豆子终于到货了拼个樱桃布丁 拍的有点歪🥲 #拼豆 #2025兴趣不打烊 #手工 #diy #万物皆可拼 #要拼就拼融合豆 #拼豆豆#不完美手工事务所,#拼豆 | #2025兴趣不打烊 | #手工 | #diy | #万物皆可拼 | #要拼就拼融合豆 | #拼豆豆 | #不完美手工事务所,甜甜甜菜x 关注,新手入坑第一拼！ 豆子终于到货了拼个樱桃布丁 拍的有点歪🥲 #拼豆 #2025兴趣不打烊 #手工 #diy #万物皆可拼 #要拼就拼融合豆 #拼豆豆#不完美手工事务所 猜你想搜 拼豆自己拼还是去店里划算 编辑于 2025-05-02 共 287 条评论 甜甜甜菜x 作者 图纸来自@鏡 秋🍁 置顶评论 2025-05-02上海 15 4 甜甜甜菜x 作者 2025-05-29湖南 28 回复 展开 3 条回复 穆槿 原来是这样拼的，那我用镊子一颗一颗夹算什么呢？算我有耐心吗？ 2025-05-04湖北 303 16 甜甜甜菜x 作者 耐心大王 2025-05-05上海 49 回复 展开 15 条回复 仓鼠硕硕 我做的 2025-05-05贵州 358 33 死亡因素. 好抽象 2025-05-06江西 10 回复 展开 32 条回复 一只豆娘 这是我目前做的❤️ 2025-05-03辽宁 2 4 甜甜甜菜x 作者 2025-05-03上海 赞 回复 展开 3 条回复 吴邪 我不信只有我一个人开始做拼豆的时候拼了一个丑不拉几的西瓜 2025-08-14山东 赞 2 吴邪 我不信！！！！ 2025-08-14山东 赞 回复 展开 1 条回复 筱冢一成 宝宝这个豆有没有🔗 2025-05-02山东 赞 1 甜甜甜菜x 作者 coco手工店 2025-05-02上海 赞 回复 绘秋（宁芙奖投画家） 老师，入坑的材料可以发一下🔗吗 2025-07-03福建 赞 2 甜甜甜菜x 作者 看评论第一条 2025-07-03上海 赞 回复 展开 1 条回复 江栖荃权|6月底见 老师，问一下，这个盒子是干什么的？ 2025-12-01湖北 赞 2 甜甜甜菜x 作者 放豆子的 像我这种格子的一盒取豆很麻烦 分装到这个里面就很好取 2025-12-01上海 赞 回复 展开 1 条回复 至于🐉 没有熨斗，可以用吹风机吗？ 2025-11-30安徽 赞 1 甜甜甜菜x 作者 不行哦 需要高温按压 2025-11-30上海 赞 回复 玲子姐姐 新手问：为什么熨一下豆子就黏在一起了 2025-12-02湖南 赞 1 甜甜甜菜x 作者 融化了 2025-12-02上海 赞 回复,9742,2186,287,图纸来自@鏡 秋🍁 || 原来是这样拼的，那我用镊子一颗一颗夹算什么呢？算我有耐心吗？ || 耐心大王 || 我做的 || 好抽象
18,这个也是拼豆做的吗,https://www.xiaohongshu.com/search_result/69e37fa8000000002102feee?xsec_token=ABYTq8YJNkO8IO_jgucAGsCrUgoxpwaTCRIlv2XUz8KbU=&xsec_source=,https://www.xiaohongshu.com/search_result/69e37fa8000000002102feee?xsec_token=ABYTq8YJNkO8IO_jgucAGsCrUgoxpwaTCRIlv2XUz8KbU=&xsec_source=,霜茶,1天前,6.4万,https://www.xiaohongshu.com/explore/69e37fa8000000002102feee?xsec_token=ABYTq8YJNkO8IO_jgucAGsCrUgoxpwaTCRIlv2XUz8KbU=&xsec_source=pc_search&source=web_explore_feed,这个也是拼豆做的吗 - 小红书,这个也是拼豆做的吗,#流麻 #流沙 #自制流麻 #拼豆 #万物皆可拼 #手工 #物华弥新 #物华弥新2周年 #松石有信 #物华弥新万壑松风图 #万壑松风图,#流麻 | #流沙 | #自制流麻 | #拼豆 | #万物皆可拼 | #手工 | #物华弥新 | #物华弥新2周年 | #松石有信 | #物华弥新万壑松风图 | #万壑松风图,霜茶 关注,这个也是拼豆做的吗 #流麻 #流沙 #自制流麻 #拼豆 #万物皆可拼 #手工 #物华弥新 #物华弥新2周年 #松石有信 #物华弥新万壑松风图 #万壑松风图 猜你想搜 霜茶与厨师长流麻合作 1天前 江苏 共 442 条评论 椋櫄 霜茶跟厨师长在一起这么久 没有被感染也是十分坚挺了 1天前北京 5601 18 最近爱吃橙子や（厨师长版 结婚了结婚了 1天前云南 1228 回复 展开 17 条回复 眠眠睡不醒喵 这样做花鸟卷！！！！！ 1天前四川 1460 16 抿音 对对对，我也是想到 1天前广东 22 回复 展开 15 条回复 魏无羡拿起随便 但是似乎后面的流麻就只露出了小部分，看不到具体的感觉，都被人物和装饰占满了 昨天 12:45安徽 113 3 超级蓝莓人 拼豆占比也不多，那个装饰过的立牌在起主要作用，后面的流麻一打光更是所剩无几了 昨天 13:42吉林 63 回复 展开 2 条回复 亚个不子 开头这个小茂咪是闪电侠来的吧 1天前湖南 464 1 蓁（被蚊子追着杀想睡觉版 我去根本没看到哈哈哈哈 1天前福建 28 回复 🐑 @三九 我滴妈呀 54分钟前福建 赞 回复 立森兔拜拜 世界上两大考研群体 拼豆和流麻 博主直接双料博士！@X-mas @铁锅炖大橘 @XD @Yuki. @早睡失败的饼 昨天 20:34广东 2 2 Yuki. 权威！ 昨天 20:39湖北 赞 回复 展开 1 条回复 新手系统之菜鸟版～ 好厉害 1小时前北京 赞 回复 rice 圈外人问问这个拟人的原画是谁呀，太好看了想关注 昨天 19:33广东 4 3 牛 物华弥新的万壑松风图 昨天 19:50安徽 2 回复 展开 2 条回复 日常自闭可乐瓜瓜 太帅了 1小时前湖北 赞 回复 📎 我趣竟然是五花米线！ 1天前上海 251 3 📎 1天前上海 3 回复 展开 2 条回复,65000,3729,442,霜茶跟厨师长在一起这么久 没有被感染也是十分坚挺了 || 结婚了结婚了 || 这样做花鸟卷！！！！！ || 对对对，我也是想到 || 但是似乎后面的流麻就只露出了小部分，看不到具体的感觉，都被人物和装饰占满了
11,拼豆📓（84/1000）｜朱迪&尼克🦊附图纸,https://www.xiaohongshu.com/search_result/69b90ca90000000023017e07?xsec_token=ABR2ItldIYvNi3ZRvMGUPUbE6h6L6Ogwh3CRHe1WMEMzM=&xsec_source=,https://www.xiaohongshu.com/search_result/69b90ca90000000023017e07?xsec_token=ABR2ItldIYvNi3ZRvMGUPUbE6h6L6Ogwh3CRHe1WMEMzM=&xsec_source=,椰子飞走咯🥥,03-17,2.8万,https://www.xiaohongshu.com/explore/69b90ca90000000023017e07?xsec_token=ABR2ItldIYvNi3ZRvMGUPUbE6h6L6Ogwh3CRHe1WMEMzM=&xsec_source=pc_search&source=web_explore_feed,拼豆📓（84/1000）｜朱迪&amp;尼克🦊附图纸 - 小红书,拼豆📓（84/1000）｜朱迪&尼克🦊附图纸,太适合做情侣钥匙扣咯 #我染上了拼豆 #欢迎回到疯狂动物城 #疯狂动物城2 #要拼就拼融合豆 #拼豆图纸 #拼豆 #迪士尼 #朱迪尼克 #朱迪尼克周边 #兔子警官,#我染上了拼豆 | #欢迎回到疯狂动物城 | #疯狂动物城2 | #要拼就拼融合豆 | #拼豆图纸 | #拼豆 | #迪士尼 | #朱迪尼克 | #朱迪尼克周边 | #兔子警官,椰子飞走咯🥥 关注,拼豆📓（84/1000）｜朱迪&尼克🦊附图纸 太适合做情侣钥匙扣咯 #我染上了拼豆 #欢迎回到疯狂动物城 #疯狂动物城2 #要拼就拼融合豆 #拼豆图纸 #拼豆 #迪士尼 #朱迪尼克 #朱迪尼克周边 #兔子警官 猜你想搜 52×52拼豆图案图纸 03-17 共 513 条评论 之乐 成功！ 04-07北京 2 回复 XZZY 交作业 04-04山西 32 18 香草吧噗 好漂亮，请问这个要多少种颜色套装的豆子都能完成呢，新人看到24 48 72的不同套装都看蒙了 04-07福建 3 回复 展开 17 条回复 安呦喂 完美！ 04-10山西 4 7 喔阿阿 下面的那几个有图纸吗亲！！ 2天前广东 赞 回复 展开 6 条回复 钮钴禄酸唧唧 交作业啦 5天前黑龙江 1 3 11又犯困 怎么会烫成这样 3天前广东 赞 回复 展开 2 条回复 Huang的黄 老师 交作业 昨天 23:47广东 赞 回复 5:00a.m. @love s 你收藏，我们到时候做这个 04-10湖南 1 回复 11 昨天 21:28广东 赞 回复 甜ポ 交作业 04-04重庆 1 3 焕蓝jgo 你好可以分享一下图纸吗 04-04四川 赞 回复 展开 2 条回复 Weeeen 交作业！！和男朋友一起拼的 04-07河南 赞 11 离异带800个娃 你好，请问一下用了多大的板呀 04-08贵州 赞 回复 展开 10 条回复 白沙上有只波斯猫 礼拿，现在开始拼下午交作业 4天前广东 赞 5 白沙上有只波斯猫 新手第一次拼豆，拼了四个小时，5点钟终于拼好了燃尽了 4天前广东 2 回复 展开 4 条回复,28000,20000,513,成功！ || 交作业 || 好漂亮，请问这个要多少种颜色套装的豆子都能完成呢，新人看到24 48 72的不同套装都看蒙了 || 完美！ || 下面的那几个有图纸吗亲！！
12,拼豆日记📔｜樱桃罐🍒,https://www.xiaohongshu.com/search_result/69ce45fc000000001e00c47d?xsec_token=ABJy2x8Tq96gecxgvqsmHZhTO7Qbrd3OF2mP7UyKm4xAw=&xsec_source=,https://www.xiaohongshu.com/search_result/69ce45fc000000001e00c47d?xsec_token=ABJy2x8Tq96gecxgvqsmHZhTO7Qbrd3OF2mP7UyKm4xAw=&xsec_source=,momo酱,04-02,2.4万,https://www.xiaohongshu.com/explore/69ce45fc000000001e00c47d?xsec_token=ABJy2x8Tq96gecxgvqsmHZhTO7Qbrd3OF2mP7UyKm4xAw=&xsec_source=pc_search&source=web_explore_feed,拼豆日记📔｜樱桃罐🍒 - 小红书,拼豆日记📔｜樱桃罐🍒,图纸来源:@嗯嗯（拼豆图纸疯产版） #我染上了拼豆 #拼豆 #万物皆可拼 #要拼就拼融合豆 #像素画 #拼豆图纸 #像素世界 #小破烂大改造 #格子画,#我染上了拼豆 | #拼豆 | #万物皆可拼 | #要拼就拼融合豆 | #像素画 | #拼豆图纸 | #像素世界 | #小破烂大改造 | #格子画,momo酱 关注,拼豆日记📔｜樱桃罐🍒 图纸来源:@嗯嗯（拼豆图纸疯产版） #我染上了拼豆 #拼豆 #万物皆可拼 #要拼就拼融合豆 #像素画 #拼豆图纸 #像素世界 #小破烂大改造 #格子画 猜你想搜 拼豆樱桃图纸 04-02 河南 共 309 条评论 momo酱 作者 图纸拼豆图纸【樱桃罐】 置顶评论 04-03河南 16 回复 男明猩 3天前河南 赞 4 不想吃饭 宝宝一个板子能拼下嘛 1天前河南 赞 回复 展开 3 条回复 h 拼了新手七个小时多 4天前浙江 赞 3 不想吃饭 宝宝一个板子能拼下嘛 1天前河南 赞 回复 展开 2 条回复 月野兎 非常好看了 共4张 昨天 22:43四川 赞 回复 小红薯64898C9C 已拼 2天前山东 赞 2 春凛 宝宝这个是什么烫啊 2天前河南 赞 回复 展开 1 条回复 是冬不是东的小红书 @限定版🍔 也喜欢这个 5天前辽宁 赞 2 限定版🍔 这个已经被我收藏了很久了 5天前辽宁 赞 回复 展开 1 条回复 脑浆 @Mik- 我真想拼这个但是这个看着也太难了[完啦R] 04-05吉林 赞 2 Mik- 拼一个吧 下次早点去 04-05吉林 赞 回复 展开 1 条回复 .. 不是亮面是不是会不好看啊 04-03江西 4 12 🌙樱桃不逃 普通粗纹布烫的 也还行 04-03北京 46 回复 展开 11 条回复 KK 我也有个 04-03广东 93 25 嗯哼我也不知道 宝宝可以求一下高达的图纸吗 04-03澳大利亚 9 回复 展开 24 条回复 抠搜老母 已拼不欠 04-03山东 58 7 还想睡 拼了多久啊 04-04福建 5 回复 展开 6 条回复,24000,13000,309,图纸拼豆图纸【樱桃罐】 || 宝宝一个板子能拼下嘛 || 拼了新手七个小时多 || 宝宝一个板子能拼下嘛 || 非常好看了
13,拼豆图纸🦌费尔岛提花小鹿杯垫,https://www.xiaohongshu.com/search_result/69993d4c000000001b01624d?xsec_token=ABIpD5v-RNt5Kv6MROuFFh8fkE7AScaFc9AkH9KvJ57YM=&xsec_source=,https://www.xiaohongshu.com/search_result/69993d4c000000001b01624d?xsec_token=ABIpD5v-RNt5Kv6MROuFFh8fkE7AScaFc9AkH9KvJ57YM=&xsec_source=,佩佩不是佩奇,02-21,2458,https://www.xiaohongshu.com/explore/69993d4c000000001b01624d?xsec_token=ABIpD5v-RNt5Kv6MROuFFh8fkE7AScaFc9AkH9KvJ57YM=&xsec_source=pc_search&source=web_explore_feed,拼豆图纸🦌费尔岛提花小鹿杯垫 - 小红书,拼豆图纸🦌费尔岛提花小鹿杯垫,这个图纸的配色和图样思忖了蛮久，想达到一种既有一定复古感又保留明亮有活力的色彩，52*52的大小一张小板也可以解决，图纸在P4！ 转载或使用图纸请艾特我标记出处，谢谢你喜欢:) #拼豆 #拼豆图纸 #我染上了拼豆 #费尔岛 #拼豆豆,#拼豆 | #拼豆图纸 | #我染上了拼豆 | #费尔岛 | #拼豆豆,佩佩不是佩奇 关注,拼豆图纸🦌费尔岛提花小鹿杯垫 这个图纸的配色和图样思忖了蛮久，想达到一种既有一定复古感又保留明亮有活力的色彩，52*52的大小一张小板也可以解决，图纸在P4！ 转载或使用图纸请艾特我标记出处，谢谢你喜欢:) #拼豆 #拼豆图纸 #我染上了拼豆 #费尔岛 #拼豆豆 02-21 共 101 条评论 Echo 佩佩老师会用最少的颜色做出最美的图案，而且水印从来不会打在图中间令色号难以辨认，谢谢伟大的佩佩老师 02-21安徽 38 4 佩佩不是佩奇 作者 太谢谢宝的爱了，感动落泪 02-21吉林 3 回复 展开 3 条回复 倒头一躺睡不醒 老师，是澡巾烫加格利特布吗 02-25河南 赞 2 佩佩不是佩奇 作者 就是格利特布烫～ 02-25吉林 赞 回复 展开 1 条回复 观云雾 请问老师，这个如果当杯垫的话，放热水时间长了会不会化…… 02-23山西 1 3 佩佩不是佩奇 作者 目前我用还没有发生这种情况hh 可能不要放特别特别热的应该就还好 02-23吉林 赞 回复 展开 2 条回复 三千世界 真好看啊真好看！ 1天前浙江 赞 回复 辰时大荒落 我想要这个 02-23安徽 赞 2 佩佩不是佩奇 作者 已经送人了，回头再给你拼一个 02-23吉林 赞 回复 展开 1 条回复 单角小猫厨 好看 1天前安徽 赞 回复 Dilada咕咕 这个动态感觉更像敦煌壁画诶😗 02-22浙江 1 1 佩佩不是佩奇 作者 这么一说还真是，下次去敦煌壁画找找灵感 02-22吉林 赞 回复 梨子 这是毛巾烫嘛 02-24湖北 赞 1 Romance 应该是格力特布烫的 02-24重庆 赞 回复 啾Jiu和A鱼 啊啊啊明天拼！ 02-22浙江 赞 2 啾Jiu和A鱼 心碎透了…找了个店拼的…被烫成歪歪扭扭的梯形了… 02-23浙江 赞 回复 展开 1 条回复 如果我对你说这一切并非偶然 返一个 02-24江苏 赞 1 佩佩不是佩奇 作者 好看捏 02-24吉林 赞 回复,2458,2818,101,佩佩老师会用最少的颜色做出最美的图案，而且水印从来不会打在图中间令色号难以辨认，谢谢伟大的佩佩老师 || 太谢谢宝的爱了，感动落泪 || 老师，是澡巾烫加格利特布吗 || 就是格利特布烫～ || 请问老师，这个如果当杯垫的话，放热水时间长了会不会化……
14,如何烫出完美的毛巾烫,https://www.xiaohongshu.com/search_result/6964edc6000000000a03e269?xsec_token=ABnTQ9N3hFlEGK1p4ny9VnCkKEA68MIsaYwggyGh-eoxw=&xsec_source=,https://www.xiaohongshu.com/search_result/6964edc6000000000a03e269?xsec_token=ABnTQ9N3hFlEGK1p4ny9VnCkKEA68MIsaYwggyGh-eoxw=&xsec_source=,Ch1x.,01-12,6920,https://www.xiaohongshu.com/explore/6964edc6000000000a03e269?xsec_token=ABnTQ9N3hFlEGK1p4ny9VnCkKEA68MIsaYwggyGh-eoxw=&xsec_source=pc_search&source=web_explore_feed,如何烫出完美的毛巾烫 - 小红书,如何烫出完美的毛巾烫,之前烫的都是光滑的，浅浅尝试了一下最近很火的毛巾烫，还是很容易上手的！ 冬日米菲kitty和毛巾烫更适配！ 毛巾要选择纯棉的 最好还是旧毛巾（更容易粘连）如p6很好烫 但是熨斗在烫的时候不要来回熨烫，要摁着烫，不然图案会糊掉， 边缘要多按压，才能烫的更完整 差不多与毛巾粘连了之后，用湿的纸巾擦拭烘焙布降温如P7（防止温度过高形变） 有余温的时候就可以撕下来啦（别等冷却 可能会难撕） 图源耳罩米菲@啵卷卷卷卷 kitty@再吸一口甲醛 蝴蝶结米菲@吉栗琦喵屋 #我染上了拼豆 #拼豆 #米菲 #kitty #毛巾烫 #拼豆图纸 #拼豆日常 #手工的温度 #拼豆打卡 #拼豆熨斗,#我染上了拼豆 | #拼豆 | #米菲 | #kitty | #毛巾烫 | #拼豆图纸 | #拼豆日常 | #手工的温度 | #拼豆打卡 | #拼豆熨斗,Ch1x. 关注,如何烫出完美的毛巾烫 之前烫的都是光滑的，浅浅尝试了一下最近很火的毛巾烫，还是很容易上手的！ 冬日米菲kitty和毛巾烫更适配！ 毛巾要选择纯棉的 最好还是旧毛巾（更容易粘连）如p6很好烫 但是熨斗在烫的时候不要来回熨烫，要摁着烫，不然图案会糊掉， 边缘要多按压，才能烫的更完整 差不多与毛巾粘连了之后，用湿的纸巾擦拭烘焙布降温如P7（防止温度过高形变） 有余温的时候就可以撕下来啦（别等冷却 可能会难撕） 图源耳罩米菲@啵卷卷卷卷 kitty@再吸一口甲醛 蝴蝶结米菲@吉栗琦喵屋 #我染上了拼豆 #拼豆 #米菲 #kitty #毛巾烫 #拼豆图纸 #拼豆日常 #手工的温度 #拼豆打卡 #拼豆熨斗 编辑于 01-12 共 125 条评论 心动 毛巾烫太适合米菲啦 03-15浙江 19 7 耶耶耶 宝宝有图嘛 03-25河南 4 回复 展开 6 条回复 NK 新鲜出炉 02-10广东 赞 4 耶耶耶 有图没有 03-24河南 2 回复 展开 3 条回复 小洁 02-06江苏 11 4 y. 有图纸吗 02-08江西 5 回复 展开 3 条回复 虾仁不眨眼 是直接烫毛巾就可以了吗，毛巾需要打湿吗 01-19北京 1 3 Ch1x. 作者 不要打湿 拼豆压毛巾上烫 01-19上海 1 回复 展开 2 条回复 疯狂比巴卜 @momo 给我拼这个 03-22浙江 赞 1 momo 还没开发 03-22浙江 赞 回复 momo 家人们有没有大师知道就是正面是 烘焙布 纹路 ，然后背面据说是光滑的，没有纹路的这是怎么搞的[泪奔] 01-25甘肃 2 4 ZnO 一面烘焙布一面烫片就好了 02-07浙江 1 回复 展开 3 条回复 呀失踪的喵 请问我这个成功了吗 01-24浙江 8 9 我是蛋挞 成功好可爱！ 01-30山东 2 回复 展开 8 条回复 豆本豆不喝豆奶 为啥我是这样 01-19江西 5 6 大大粒 这是不是烫的不够久？豆子没融进去，一般澡巾烫的纹路是这样的，但是我边缘也是会出现你这样，我当时是看到我边边豆子没黏上我当时是着急不烫了，所以左上边缘图案没那么明显 01-19广东 2 回复 展开 5 条回复 薯条耶🍟（戒卡版 姐妹 想问熨斗用的是哪款啊 04-09广东 赞 回复 0.07岁岁皇 当当 04-05广东 赞 回复,6920,3867,125,毛巾烫太适合米菲啦 || 宝宝有图嘛 || 新鲜出炉 || 有图没有 || 有图纸吗
15,拼豆图纸 | 线条小狗寿司,https://www.xiaohongshu.com/search_result/69d59f95000000001a022ced?xsec_token=ABB8br1LnJ6dBp1_NNN76q4dhoDx9h6TVDkvpvS8u_YMU=&xsec_source=,https://www.xiaohongshu.com/search_result/69d59f95000000001a022ced?xsec_token=ABB8br1LnJ6dBp1_NNN76q4dhoDx9h6TVDkvpvS8u_YMU=&xsec_source=,kkkk+,2天前,3万,https://www.xiaohongshu.com/explore/69d59f95000000001a022ced?xsec_token=ABB8br1LnJ6dBp1_NNN76q4dhoDx9h6TVDkvpvS8u_YMU=&xsec_source=pc_search&source=web_explore_feed,拼豆图纸 | 线条小狗寿司 - 小红书,拼豆图纸 | 线条小狗寿司,超级可爱的线条小狗寿司！ 图纸参考@线条小狗Maltese 的寿司系列 #像素图 #线条小狗 #拼豆 #拼豆图纸 #拼豆图案 #拼豆图纸分享 #拼豆#线条小狗二创,#像素图 | #线条小狗 | #拼豆 | #拼豆图纸 | #拼豆图案 | #拼豆图纸分享 | #拼豆 | #线条小狗二创,kkkk+ 关注,拼豆图纸 | 线条小狗寿司 超级可爱的线条小狗寿司！ 图纸参考@线条小狗Maltese 的寿司系列 #像素图 #线条小狗 #拼豆 #拼豆图纸 #拼豆图案 #拼豆图纸分享 #拼豆#线条小狗二创 猜你想搜 这些创意拼豆也太会了吧 编辑于 2天前 上海 共 522 条评论 七七 返图！ 昨天 21:57浙江 2 1 kkkk+ 作者 好有创意！！！ 1小时前上海 赞 回复 玛卡巴卡 @空蝉鹊印 好可爱 04-11甘肃 赞 2 空蝉鹊印 真的，咱俩哪次放假去拼 04-11甘肃 1 回复 展开 1 条回复 盛意 昨天刚拼完 04-08河北 74 19 我今天好困 啊澡巾烫么好牛啊老师 04-08北京 11 回复 展开 18 条回复 Hayao Miyazaki 这些做完得多大呀！第一次不知道多大 04-08广东 5 14 momo20y 也就一个小板子的大小 不算大图 我这个应该差不多 你参考一下 04-08河南 12 回复 展开 13 条回复 发光体 求右上角两个图纸 04-08浙江 2 18 kkkk+ 作者 等我改好 明天就导出来！ 04-08上海 2 回复 展开 17 条回复 dal. 这两个有吗 04-09海南 1 6 kkkk+ 作者 已经上传啦 04-09上海 赞 回复 展开 5 条回复 温室 @苹果 @小白 好萌！ 7天前北京 赞 1 苹果 直接出发 7天前北京 赞 回复 贝卡不是巴卡 请问可以买吗？ 04-08北京 4 3 kkkk+ 作者 只能自己动手拼捏 04-08上海 4 回复 展开 2 条回复 九千七 老师老师有没有小号的 04-08陕西 4 5 kkkk+ 作者 没有捏 小号很难拼出细节 04-08上海 5 回复 展开 4 条回复 半熟布nana 老师求求镜像的 04-08甘肃 1 4 kkkk+ 作者 镜像有啦 04-08上海 赞 回复 展开 3 条回复,30000,27000,522,返图！ || 好有创意！！！ || @空蝉鹊印 好可爱 || 真的，咱俩哪次放假去拼 || 昨天刚拼完
16,未定|nxx女仆装（含拼豆色号图）,https://www.xiaohongshu.com/search_result/69db3d75000000001b02225d?xsec_token=ABvegUP5fdGpe5HiiQJ61hKdnCgMtoxrfUnzaJjNXvrrI=&xsec_source=,https://www.xiaohongshu.com/search_result/69db3d75000000001b02225d?xsec_token=ABvegUP5fdGpe5HiiQJ61hKdnCgMtoxrfUnzaJjNXvrrI=&xsec_source=,神笔小猫,04-12,1705,https://www.xiaohongshu.com/explore/69db3d75000000001b02225d?xsec_token=ABvegUP5fdGpe5HiiQJ61hKdnCgMtoxrfUnzaJjNXvrrI=&xsec_source=pc_search&source=web_explore_feed,未定|nxx女仆装（含拼豆色号图） - 小红书,未定|nxx女仆装（含拼豆色号图）,图源：@阿虫便利店 草稿箱空了… 🈲二传/商用 分享图纸请直接分享笔记 欢迎返图 ⚠️除自用外其他用途授权请询问原作品老师！ #未定事件簿 #拼豆 #像素画 #夏彦 #左然 #莫弈 #陆景和 #要拼就拼融合豆 #小红书手工友好季,#未定事件簿 | #拼豆 | #像素画 | #夏彦 | #左然 | #莫弈 | #陆景和 | #要拼就拼融合豆 | #小红书手工友好季,神笔小猫 关注,未定|nxx女仆装（含拼豆色号图） 图源：@阿虫便利店 草稿箱空了… 🈲二传/商用 分享图纸请直接分享笔记 欢迎返图 ⚠️除自用外其他用途授权请询问原作品老师！ #未定事件簿 #拼豆 #像素画 #夏彦 #左然 #莫弈 #陆景和 #要拼就拼融合豆 #小红书手工友好季 猜你想搜 陆景和小猫拼豆图纸 7天前 河南 共 45 条评论 目光所及之处 美而萌之感谢老师的图纸呀！ 2天前上海 赞 4 神笔小猫 作者 可爱 2天前河南 1 回复 展开 3 条回复 PisoiioTuT 特别可爱嘿嘿嘿 谢谢老师分享图纸（≧∇≦） 昨天 15:21山东 赞 1 神笔小猫 作者 可爱！ 昨天 15:27广东 赞 回复 惠子 交作业 1天前河北 1 1 神笔小猫 作者 1天前广东 赞 回复 ^来碗杨梅冰吧🍧 返图来啦 1天前江西 赞 1 神笔小猫 作者 1天前河南 赞 回复 Sep.🐏 返图来啦 7天前广东 2 2 神笔小猫 作者 可爱！ 7天前河南 赞 回复 展开 1 条回复 阿月亮啊 太可爱啦，谢谢老师分享图纸 5天前浙江 1 1 神笔小猫 作者 5天前河南 赞 回复 我不吃了 感谢图纸 6天前广东 赞 1 神笔小猫 作者 可爱(*ෆ´˘`ෆ*)♡ 6天前河南 赞 回复 香菜牛肉面 以拼好，就等烫了 7天前江西 赞 1 神笔小猫 作者 7天前河南 赞 回复 陆陆陆景和！ 返图 5天前新疆 赞 1 神笔小猫 作者 5天前河南 赞 回复 AAA专业捣乱汪老板 前几天拼了这个，萌之萌之 7天前山东 赞 1 神笔小猫 作者 可爱！ 7天前河南 赞 回复,1705,1460,45,美而萌之感谢老师的图纸呀！ || 可爱 || 特别可爱嘿嘿嘿 谢谢老师分享图纸（≧∇≦） || 可爱！ || 交作业
17,这是真拼豆！也是真草莓！！！,https://www.xiaohongshu.com/search_result/69b3b56e0000000022028389?xsec_token=ABO-bLeHylu6xjJmUfd4SuEQhMuXjjo5HxgOGrbBbQ16U=&xsec_source=,https://www.xiaohongshu.com/search_result/69b3b56e0000000022028389?xsec_token=ABO-bLeHylu6xjJmUfd4SuEQhMuXjjo5HxgOGrbBbQ16U=&xsec_source=,黑猫厨房,03-13,85.6万,https://www.xiaohongshu.com/explore/69b3b56e0000000022028389?xsec_token=ABO-bLeHylu6xjJmUfd4SuEQhMuXjjo5HxgOGrbBbQ16U=&xsec_source=pc_search&source=web_explore_feed,这是真拼豆！也是真草莓！！！ - 小红书,这是真拼豆！也是真草莓！！！,此拼豆甚是美味之 纯天然无添加拼豆果干 100度热风模式烘干1~1.5小时（具体看当地天气） 密封保存好可放2周左右（受潮就会软趴趴啦） 草莓拼豆图纸来自 @Kitty狂魔 非常感谢Thanks♪(･ω･)ﾉ （根据食物特性略有改动） #拼豆美食 #创意美食 #黑猫厨房 @薯队长,#拼豆美食 | #创意美食 | #黑猫厨房,黑猫厨房 关注,这是真拼豆！也是真草莓！！！ 此拼豆甚是美味之 纯天然无添加拼豆果干 100度热风模式烘干1~1.5小时（具体看当地天气） 密封保存好可放2周左右（受潮就会软趴趴啦） 草莓拼豆图纸来自 @Kitty狂魔 非常感谢Thanks♪(･ω･)ﾉ （根据食物特性略有改动） #拼豆美食 #创意美食 #黑猫厨房 @薯队长 猜你想搜 黑猫厨房为什么不火了 03-13 共 1.4万 条评论 黑猫厨房 作者 黑猫导演表示:主角配角都非常好磕哦！！！（物理意义） 置顶评论 03-13福建 2.4万 82 时织 天呐，老师怎么能这么可爱 03-13重庆 3099 回复 展开 81 条回复 遗憾吗 这真的是人能做出来的东西吗 03-14四川 47 3 遗憾吗 作者是神 03-14四川 5 回复 展开 2 条回复 Geass 是不是可以在背后做一层巧克力脆片 这样举起来应该就不会弯曲了 03-13贵州 53 3 阿糖困了💤 甜菜 03-13河北 赞 回复 展开 2 条回复 🥖 感觉好难做老师还是太有耐心了 03-13湖南 76 3 🥖 三连奉上 03-13湖南 赞 回复 展开 2 条回复 momo 拼豆，加草莓，可食用 03-13江苏 23 4 黑猫厨房 作者 No 03-13福建 3 回复 展开 3 条回复 蛋黄不派🥧 是人都能做出来啊 03-14黑龙江 9 4 蛋黄不派🥧 我是小猫咪，喵～ 03-14黑龙江 7 回复 展开 3 条回复 梅雨季唱片 投稿：用水果拼豆做立体草莓 03-14江苏 29 2 陈伶大王最美 上 03-14江苏 赞 回复 展开 1 条回复 由纪 这个可以卖1888 03-13上海 42 3 由纪 回复 予鹿 : 看评论区好像1888还少了 03-13上海 5 回复 展开 2 条回复 tt 我的老家特产呢 03-13河北 10 4 tt 找到了 03-13河北 10 回复 展开 3 条回复 柚宝的地球研究所 不用看我就知道这题材绝对黑猫 03-13江苏 14 3 黑猫厨房 作者 拼豆厨房 03-13福建 10 回复 展开 2 条回复,100000,90000,14000,黑猫导演表示:主角配角都非常好磕哦！！！（物理意义） || 天呐，老师怎么能这么可爱 || 这真的是人能做出来的东西吗 || 作者是神 || 是不是可以在背后做一层巧克力脆片 这样举起来应该就不会弯曲了
15,罗小黑招财进宝拼豆and十字绣图纸,https://www.xiaohongshu.com/search_result/696dc03b000000000c03559d?xsec_token=ABlzUOhy7gxu-4AvSaSji3t8wvbX66AHnJtY7aQowuhVA=&xsec_source=,https://www.xiaohongshu.com/search_result/696dc03b000000000c03559d?xsec_token=ABlzUOhy7gxu-4AvSaSji3t8wvbX66AHnJtY7aQowuhVA=&xsec_source=,遛熊猫（沉迷买假发版）,01-19,5837,https://www.xiaohongshu.com/explore/696dc03b000000000c03559d?xsec_token=ABlzUOhy7gxu-4AvSaSji3t8wvbX66AHnJtY7aQowuhVA=&xsec_source=pc_search&source=web_explore_feed,罗小黑招财进宝拼豆and十字绣图纸 - 小红书,罗小黑招财进宝拼豆and十字绣图纸,图二图三是拼豆图纸，有镜像 图四是十字绣图纸 那个， 就是说，有人和我一起十字绣吗 #拼豆图纸 #拼豆 #罗小黑战记 #万物皆可拼 #十字绣 图纸,#拼豆图纸 | #拼豆 | #罗小黑战记 | #万物皆可拼 | #十字绣,遛熊猫（沉迷买假发版） 关注,罗小黑招财进宝拼豆and十字绣图纸 图二图三是拼豆图纸，有镜像 图四是十字绣图纸 那个， 就是说，有人和我一起十字绣吗 #拼豆图纸 #拼豆 #罗小黑战记 #万物皆可拼 #十字绣 图纸 编辑于 01-19 共 73 条评论 GIN 返图！感谢(❁´ω`❁)不过第一次边边没做好 1天前江西 赞 1 GIN 1天前江西 1 回复 momo 可恶！本来说不补豆了的！ 01-20河北 10 3 momo 等等，这是大图吗 01-20河北 赞 回复 展开 2 条回复 唐洛酱 这个可以是52*52吗？ 02-11河北 赞 3 唐洛酱 拼豆的，就是问一下 02-11河北 赞 回复 展开 2 条回复 Luna每天都在塔塔开 返图返图！加了红底打算当年画挂起来！好萌好萌的一只招财咪 01-26广西 47 4 遛熊猫（沉迷买假发版） 作者 啊啊啊好好看！ 01-26江苏 2 回复 展开 3 条回复 杞人忧天面 @栗子（生来爱吃⭐推做的饭版） 我想拼这个 4天前广东 赞 回复 『 』 我就这样当门挂 01-25广东 9 4 遛熊猫（沉迷买假发版） 作者 妙妙妙 01-25江苏 赞 回复 展开 3 条回复 Dr.Quin 谢谢老师！ 04-06海南 1 回复 宁缘尘 自由发挥中…… 02-18山东 3 回复 淼（🍎） @喝的超级大的蚊子 我手痒痒的 02-06陕西 赞 1 momo go 02-06陕西 赞 回复 鹤汀 太棒了，是十字绣，绣完师傅绣徒弟 01-20江西 5 3 遛熊猫（沉迷买假发版） 作者 太棒了有人和我一起十字绣！ 01-20江苏 1 回复 展开 2 条回复,5837,5289,73,返图！感谢(❁´ω`❁)不过第一次边边没做好 || 可恶！本来说不补豆了的！ || 等等，这是大图吗 || 这个可以是52*52吗？ || 拼豆的，就是问一下
16,【像素洛克王国】迪莫大人！！,https://www.xiaohongshu.com/search_result/69ca5c79000000001a0282a3?xsec_token=AB5sytI7VcXwdMTjI2X-JFKPSoZGuhq_Byvm-MTC-Xlfw=&xsec_source=,https://www.xiaohongshu.com/search_result/69ca5c79000000001a0282a3?xsec_token=AB5sytI7VcXwdMTjI2X-JFKPSoZGuhq_Byvm-MTC-Xlfw=&xsec_source=,米奥星球工坊主,03-31,2367,https://www.xiaohongshu.com/explore/69ca5c79000000001a0282a3?xsec_token=AB5sytI7VcXwdMTjI2X-JFKPSoZGuhq_Byvm-MTC-Xlfw=&xsec_source=pc_search&source=web_explore_feed,【像素洛克王国】迪莫大人！！ - 小红书,【像素洛克王国】迪莫大人！！,用（DB)做了一个效果图。有时间一定要拼出来挂起来！嘿嘿最近都在肝！抓了好多小可爱！ 下一个小可爱会是谁呢！欢迎留言哟！#洛克王国世界 #我染上了拼豆 #像素 #拼豆 #像素画 #欢迎来到像素世界,#洛克王国世界 | #我染上了拼豆 | #像素 | #拼豆 | #像素画 | #欢迎来到像素世界,米奥星球工坊主 关注,【像素洛克王国】迪莫大人！！ 用（DB)做了一个效果图。有时间一定要拼出来挂起来！嘿嘿最近都在肝！抓了好多小可爱！ 下一个小可爱会是谁呢！欢迎留言哟！#洛克王国世界 #我染上了拼豆 #像素 #拼豆 #像素画 #欢迎来到像素世界 编辑于 03-31 重庆 共 108 条评论 微雨落花 返图老师 1天前广东 1 5 米奥星球工坊主 作者 冲！坐等烫后！ 1天前河南 赞 回复 展开 4 条回复 陶幺（朝朝好帅 沉迷拼豆版） 萌之[棒R] 昨天 20:59广西 赞 1 米奥星球工坊主 作者 同意！dimo～ 昨天 22:27河南 赞 回复 拾忆 已严肃制作 1天前黑龙江 赞 1 米奥星球工坊主 作者 怪可耐哟！ 昨天 08:06河南 赞 回复 小橙子同学🍊 超可爱的 04-12北京 1 7 米奥星球工坊主 作者 嗯嗯！dimo.dimo⊙▽⊙ 7天前河南 赞 回复 展开 6 条回复 洛三纪 老师，这个是多少x多少的呀 3天前江苏 赞 3 米奥星球工坊主 作者 单dimo没有果子心心的是35✖️38的，粗略数了一下 2天前河南 赞 回复 展开 2 条回复 Beiz 已严肃返图[呃R] 昨天 13:56山西 赞 1 米奥星球工坊主 作者 不错不错！ 昨天 15:59河南 赞 回复 岁晚知 特别萌……！就是不知道为什么白色的豆子里混了灰的进去[完啦R] 04-05湖北 1 3 米奥星球工坊主 作者 你这只迪莫性格贪玩……像出去玩了一圈回来的 04-06河南 5 回复 展开 2 条回复 望舒加葱（摄影版） 超级萌 1天前福建 1 1 米奥星球工坊主 作者 不错不错！ 1天前河南 赞 回复 白天数星星 好可爱！求求图纸 03-31辽宁 2 4 米奥星球工坊主 作者 图纸放第二张了期待作品！ 03-31重庆 1 回复 展开 3 条回复 云凌楹烁yliclx 返图，和朋友拼的，太可爱了 04-05广东 1 1 米奥星球工坊主 作者 i了i了！右边也好萌 04-06河南 1 回复,2367,2020,108,返图老师 || 冲！坐等烫后！ || 萌之[棒R] || 同意！dimo～ || 已严肃制作
18,拼豆图纸（附色号）超实用收纳神器,https://www.xiaohongshu.com/search_result/68c690f0000000001d00f43e?xsec_token=AB6DEShFfe9QrLphf-1psRHHCVSVTAud4ZNq0nnM2PCjo=&xsec_source=,https://www.xiaohongshu.com/search_result/68c690f0000000001d00f43e?xsec_token=AB6DEShFfe9QrLphf-1psRHHCVSVTAud4ZNq0nnM2PCjo=&xsec_source=,拼豆手作娘豆妈,2025-09-14,1.4万,https://www.xiaohongshu.com/explore/68c690f0000000001d00f43e?xsec_token=AB6DEShFfe9QrLphf-1psRHHCVSVTAud4ZNq0nnM2PCjo=&xsec_source=pc_search&source=web_explore_feed,拼豆图纸（附色号）超实用收纳神器 - 小红书,拼豆图纸（附色号）超实用收纳神器,hello kitty数据收纳线 图纸来自@Kitty有点豆（拼豆版） #我染上了拼豆 #爱上像素画 #图纸分享 #kitty周边 #收纳神器#实用收纳 #新手拼豆 #要拼就拼融合豆#hellokitty主题 #万物皆可拼,#我染上了拼豆 | #爱上像素画 | #图纸分享 | #kitty周边 | #收纳神器 | #实用收纳 | #新手拼豆 | #要拼就拼融合豆 | #hellokitty主题 | #万物皆可拼,拼豆手作娘豆妈 关注,拼豆图纸（附色号）超实用收纳神器 hello kitty数据收纳线 图纸来自@Kitty有点豆（拼豆版） #我染上了拼豆 #爱上像素画 #图纸分享 #kitty周边 #收纳神器#实用收纳 #新手拼豆 #要拼就拼融合豆#hellokitty主题 #万物皆可拼 猜你想搜 数据线收纳器的拼豆图纸 2025-09-14 共 255 条评论 车一点儿 也不知道这个能不能弄成十字绣 2025-09-23河北 赞 1 拼豆手作娘豆妈 作者 用相似颜色线试试 2025-09-23湖北 赞 回复 🌨 @小点心 许愿白猫记得给我加个点 毛豆右边额头有个点哈哈哈哈 03-27陕西 赞 4 小点心 Ok 03-27河北 赞 回复 展开 3 条回复 要lucky呦 我的穿不过去 2025-12-02福建 7 4 拼豆手作娘豆妈 作者 闷痘了吧 2025-12-02湖北 8 回复 展开 3 条回复 半夏 为啥我做的拼豆很容易断呀 2025-09-23浙江 3 2 拼豆手作娘豆妈 作者 如果是拼的这个数据线收纳器断了，是不是绑带你只拼了2排豆？我之前拼过一个就断了，这个3排的就很好，还有一个可能就是你买到义乌豆了，要买融合豆。 2025-09-23湖北 26 回复 展开 1 条回复 如意随我心意 感觉这样很容易断啊 2025-09-24江苏 1 4 拼豆手作娘豆妈 作者 这个是3排的，不容易断，之前我做过2排的，断了 2025-09-24湖北 7 回复 展开 3 条回复 Money 按照自家猫咪改色改半天，做出来的时候，想哭 03-20广东 10 2 u单l 挺好的呀，要不修一修大小呢？ 03-21加拿大 1 回复 展开 1 条回复 马小南 新手小白，请问这个是不是义乌豆 02-07广东 5 9 拼豆手作娘豆妈 作者 像，这个看起来豆子质量确实一般 02-07湖北 4 回复 展开 8 条回复 恩了个恩呐 这个扣子那容易掉吗 2025-09-23陕西 赞 2 拼豆手作娘豆妈 作者 不会掉，用力扯都不容易散，因为有一面是有孔纹理。轻轻慢慢解才能开，完美的很，我做了一些送娃幼儿园老师，都很喜欢。 2025-09-23湖北 5 回复 展开 1 条回复 猫猫侠 老师可以出一个黑猫的吗 2025-11-27贵州 1 7 拼豆手作娘豆妈 作者 黑猫来了，今天有空安排上了 2025-12-18湖北 2 回复 展开 6 条回复 小红薯6445CF7C 做一个多久呀？ 2025-09-24湖北 3 3 拼豆手作娘豆妈 作者 非常快，3个一小时搞定 2025-09-24湖北 4 回复 展开 2 条回复,15000,14000,255,也不知道这个能不能弄成十字绣 || 用相似颜色线试试 || @小点心 许愿白猫记得给我加个点 毛豆右边额头有个点哈哈哈哈 || Ok || 我的穿不过去
11,pycharm拼豆，男朋友亲选,https://www.xiaohongshu.com/search_result/68acfdac000000001c03d576?xsec_token=ABY6iK3dWKj2bAxyVZ2PLUBkY6q_kZInZ_b1ShS0nP1t4=&xsec_source=,https://www.xiaohongshu.com/search_result/68acfdac000000001c03d576?xsec_token=ABY6iK3dWKj2bAxyVZ2PLUBkY6q_kZInZ_b1ShS0nP1t4=&xsec_source=,青呱超牛蛙,2025-08-26,258,https://www.xiaohongshu.com/explore/68acfdac000000001c03d576?xsec_token=ABY6iK3dWKj2bAxyVZ2PLUBkY6q_kZInZ_b1ShS0nP1t4=&xsec_source=pc_search&source=web_explore_feed,pycharm拼豆，男朋友亲选 - 小红书,pycharm拼豆，男朋友亲选,给男朋友做了三个程序员用软件图标，挂件护体，工作肯定顺风顺水👊#拼豆#程序员专属拼豆 在木桌上烫的，成品不是很好🙇‍♀️,#拼豆 | #程序员专属拼豆,青呱超牛蛙 关注,pycharm拼豆，男朋友亲选 给男朋友做了三个程序员用软件图标，挂件护体，工作肯定顺风顺水👊#拼豆#程序员专属拼豆 在木桌上烫的，成品不是很好🙇‍♀️ 猜你想搜 python图标拼豆图纸 2025-08-26 共 8 条评论 Esme 求pycharm色号 2025-09-07江苏 赞 1 青呱超牛蛙 作者 2025-09-07广西 9 回复 不瘦到105斤不改网名 vscode求 2025-11-30河南 2 回复 魑魅魍魉 有 vs 吗 01-17湖北 1 1 青呱超牛蛙 作者 当程序员开始玩拼豆…（内附图纸） 做出来送给你程序... http://xhslink.com/o/7rRL39hCpvF 复制后打开【小红书】查看笔记！ 这个老师有。 01-17广西 赞 回复 顾念 你好，有那个idea的色号吗，求 01-18江西 赞 回复 灯灯 当程序员开始玩拼豆…（内附图纸） 做出来送给你程序... http://xhslink.com/o/7rRL39hCpvF 复制后打开【小红书】查看笔记！ 这个老师有。 01-27安徽 1 回复 真的癫真的癫 @momo 02-08北京 赞 回复 - THE END -,258,229,8,求pycharm色号 || vscode求 || 有 vs 吗 || 当程序员开始玩拼豆…（内附图纸） 做出来送给你程序... http://xhslink.com/o/7rRL39hCpvF 复制后打开【小红书】查看笔记！ 这个老师有。 || 你好，有那个idea的色号吗，求
12,至此，拼豆人的人生完整了……,https://www.xiaohongshu.com/search_result/68b06099000000001b036870?xsec_token=ABVun-bIm7tOwtXdSmx7JSUO_-qK2q7Aadtt3CK153Vio=&xsec_source=,https://www.xiaohongshu.com/search_result/68b06099000000001b036870?xsec_token=ABVun-bIm7tOwtXdSmx7JSUO_-qK2q7Aadtt3CK153Vio=&xsec_source=,momo,2025-08-28,2966,https://www.xiaohongshu.com/explore/68b06099000000001b036870?xsec_token=ABVun-bIm7tOwtXdSmx7JSUO_-qK2q7Aadtt3CK153Vio=&xsec_source=pc_search&source=web_explore_feed,至此，拼豆人的人生完整了…… - 小红书,至此，拼豆人的人生完整了……,#像素世界 #我染上了拼豆 #要拼就拼融合豆 #学前人的技能之一#崩溃边缘#成年人的崩溃 #哭出来就好了排毒素 #崩溃中自愈#杂粮,#像素世界 | #我染上了拼豆 | #要拼就拼融合豆 | #学前人的技能之一 | #崩溃边缘 | #成年人的崩溃 | #哭出来就好了排毒素 | #崩溃中自愈 | #杂粮,momo 关注,至此，拼豆人的人生完整了…… #像素世界 #我染上了拼豆 #要拼就拼融合豆 #学前人的技能之一#崩溃边缘#成年人的崩溃 #哭出来就好了排毒素 #崩溃中自愈#杂粮 2025-08-28 共 379 条评论 粉面帅蛋 拼的多好啊 这是学不通 2025-09-04河北 4800 133 锅包肉 你咋能没有回复 不允洗！ 2025-09-04安徽 366 回复 展开 132 条回复 星星草 这个算吗《不干了》至此已成艺术 2025-09-04山东 910 11 叶若夫赴德国治疗同性恋是野史 迅哥儿被历史的大风刮走了 2025-09-04澳大利亚 588 回复 展开 10 条回复 爱画画的顿珠泽仁 还好吧 2025-09-07四川 105 19 Kitty世界第一可爱 哈哈哈哈哈哈哈哈 2025-09-07山西 8 回复 展开 18 条回复 眯一会 可以用美纹纸粘下来再烫 ，注意粘的时候贴紧就不容易散了 2025-09-02江苏 赞 1 momo 作者 好！ 2025-09-03吉林 1 回复 我不知道 如何呢 2025-09-04广东 6 6 我不知道 又能怎 2025-09-04广东 20 回复 展开 5 条回复 adore 2025-09-05江苏 6 5 Neveral 消散了…！ 2025-09-05辽宁 3 回复 展开 4 条回复 momo 本学习通员工看到这个图案ptsd了，算了，跟你求一个图纸吧 2025-09-04山西 71 9 momo 作者 哈哈哈哈哈哈哈哈这里 2025-09-04吉林 58 回复 展开 8 条回复 雪酿山眠✨ 学。。。学习通？ 2025-09-03辽宁 16 3 momo 作者 是滴可以做一个送好闺闺 2025-09-03吉林 8 回复 展开 2 条回复 共赴摘星愿 p4！是那个一个什么漆还是界面处理剂的桶的包装上的么 2025-09-04上海 赞 4 momo 作者 hh不是喔是霉霉啦 2025-09-04吉林 4 回复 展开 3 条回复 momo 第一次拼豆就完整了 2025-09-07湖北 7 6 1Aug1 是不是大呲花！ 2025-09-08山东 2 回复 展开 5 条回复,2966,163,379,拼的多好啊 这是学不通 || 你咋能没有回复 不允洗！ || 这个算吗《不干了》至此已成艺术 || 迅哥儿被历史的大风刮走了 || 还好吧
