热词,搜索指数,热度飙升
拼豆,14914352,--
冬季穿搭,9329750,搜索飙升
家常菜,7999792,--
穿搭,7206943,--
羽绒服,6912176,搜索飙升
甲流的症状,5611699,--
圣诞树,5329797,--
长安二十四计,5163487,--
手机壁纸,5157102,--
跨年穿搭,4996106,搜索飙升
圣诞穿搭,4794893,搜索飙升
手机壳,4566525,--
蛋糕,4295068,--
羽绒服推荐,4251710,搜索飙升
生日蛋糕,4128895,--
围巾,4012281,搜索飙升
寿司郎,3879097,搜索飙升
冬天穿搭,3624323,搜索飙升
秋冬穿搭,3479312,搜索飙升
意式美人妆是长中庭的天菜吧,3429417,--
A537306,3155486,--
奥司他韦,3136055,--
泡泡玛特,3015480,搜索飙升
雪地靴,2998239,搜索飙升
美食,2914407,--
省考,2849474,搜索飙升
刘宇宁,2826600,--
圣诞节穿搭,2825030,搜索飙升
黄金,2806609,--
空气炸锅美食,2785173,--
今天起海南正式封关,2776218,搜索飙升
lululemon羽绒服,2763507,搜索飙升
lulu羽绒服,2763507,搜索飙升
穿戴甲,2715692,搜索飙升
一点点,2683698,搜索飙升
家常菜炒菜大全,2659988,--
考研英语,2630818,--
帽子,2597119,搜索飙升
大疆pocket3,2535706,--
穿搭推荐秋冬,2531174,搜索飙升
lv包包,2516835,搜索飙升
画画,2511949,--
冬季穿搭推荐,2401721,搜索飙升
六级答案,2400207,搜索飙升
皮草穿搭,2397199,搜索飙升
大衣穿搭,2393496,搜索飙升
毛衣,2380975,搜索飙升
围巾的系法,2350924,搜索飙升
南京旅游攻略,2350037,--
圣诞帽,2341903,--
山姆,2295603,--
山姆超市,2295603,--
大生意人,2288895,--
lululemon,2252302,搜索飙升
lululenmon,2252302,搜索飙升
Lulu,2252302,--
花束,2249567,搜索飙升
考研政治,2246412,搜索飙升
瑞幸咖啡,2220401,--
圣诞树绘画,2218021,--
课本上明太祖画像换了,2209808,--
今日金价,2202943,--
平板壁纸,2150313,--
苹果17,2134918,--
山姆必买清单2025,2113590,--
壁纸手机壁纸全屏,2088008,--
排骨羽绒服,2065014,搜索飙升
广州游玩攻略,2060782,--
包包,2060132,--
威海有雪又有海的浪漫,2057211,--
喜茶,2049169,--
外套,2048486,搜索飙升
水银体温计价格暴涨,2029865,--
云南旅游攻略,2012594,--
国考,1997390,搜索飙升
华为mate80,1987588,--
vivo S50,1981861,--
vivoS50,1981861,--
iPhone17,1972480,--
睡衣,1964044,搜索飙升
火锅,1947993,--
麦当劳涨价了,1917111,搜索飙升
皮蛋小酥肉,1899744,搜索飙升
戒指,1888891,搜索飙升
霸王茶姬,1862784,--
波司登羽绒服,1861905,--
大衣,1856090,搜索飙升
糖醋排骨,1855559,搜索飙升
海底捞,1846783,--
cortis,1834820,--
重庆旅游攻略,1833046,--
拍立得,1828662,--
红烧排骨,1825732,搜索飙升
舞蹈,1811629,--
农香森,1808632,搜索飙升
滨寿司,1806776,搜索飙升
首尔初雪变大暴雪,1802251,--
儿歌,1792478,搜索飙升
sk,1791474,--
内搭,1789135,搜索飙升
